"01a91a913af444ab969c7e17cd77e085",XKA00070901,"b13c08b5b20b4f77aa40a6455250b87b","JACOB KUMAH",1,2023-07-24,"85c4743004824ae7a4c9c6423468a1ce"
"01c2b46ee0e14a93bd3b4aae94b07a95",XAB00003601,"0a779a5899394aa6be727575bb32142c","ISSAKA AJARA",1,2023-07-23,"a9771378b5994fe4b55e1b33ddea78e9"
"0205740b8ea7430381a0a05708e03e2d",XFA00017301,"ff808181776405b1017771c39e840003","SAKINA ISSHAK",1,2023-07-27,"424f5ae534f14ffd823a29ff97044468"
"021575e62b3140ceac3d0d99bbb79ad4",XGA00009301,"dfcb66b9d0654634987960b288a8b57a","AMA SERWAA",1,2023-07-22,"f6bd2893feb8492dbe67235a58e18fb8"
"025e01a92ce44944b9c1b8ff7ab0a7ed",XAB00003101,"0a779a5899394aa6be727575bb32142c","ACHIAA MERCY",1,2023-07-23,"8309d557a6ec467ba4942e8d292f0c6b"
"028915a9813a40b48b01853e26034f2f",XFA00031101,"4ebeb6934e3e4df3998f37333fc7f30d","AMPADU CLIFFORD",1,2023-07-27,"c798c194bc444c589cfcfbc244395fb9"
"028b3f7626b84f2b93dcdb359cdb34d6",XFA00008001,"ff8081817bb9fff3017bba7f7e74000b","NONGKOMABONG SARAH",1,2023-07-22,"7396a0a90cdc48e1b84ac221879314b1"
"02c9aeca71144122bdc15251c1927524",XFA00041501,"6610fa5839174b93a314a080c83bff7c","KWAKU MANU",1,2023-07-21,"ea4a06635d6846c09e3922b38477a078"
"032901439888431ea46adfeca977d415",XFC00012301,"ff8081817a99e133017ac8a81f6a0000","ROBBERT AWINE",1,2023-07-24,"be8a7cce5ea14fd1b4a85bff0e7d8791"
"03e4d4f6ebad4eb8a2ab4000056b32ed",XAA00005701,"0a779a5899394aa6be727575bb32142c","MONACK MILLICENT",1,2023-07-22,"2bee283e17394b459e75e81c348fb95b"
"047b17505b7b483f99f78fe88bf2cd62",OJA00000301,"ff8081816ed1b7d6016ef991f10f0000","AGYEI MENSAH",1,2023-09-07,"c305e2bbd3444dd699c54ba6cb956005"
"054d7705229e4f85954889105e8dc590",XKA00086001,"b13c08b5b20b4f77aa40a6455250b87b","DAVID KABUTA",1,2023-07-25,"40efa7acafa54f719746b3ae574b6a05"
"062057d862f04ea3aa53b2b04309f9df",XAB00003403,"0a779a5899394aa6be727575bb32142c","LINDA ASANTE",1,2023-07-23,"f2569a8917084f9cb87f8fac68e95a1e"
"063771656a304fde85eb9b013b1573a6",XKB00067602,"20f321c71f5c46a8a8f21347c223caa4","JALILU ISSAKA",1,2023-07-22,"fb3088eb06a149b2869c45c217f48762"
"064d7b404b06460d9ad836eea02e95a1",XKB00067701,"20f321c71f5c46a8a8f21347c223caa4","SUARA YUSSIF",1,2023-07-22,"572b028ea9db4b6fa8ef284024f34622"
"06c72cd434e246e9a3740c87dd003e81",XDA00004302,"451a12e9cc68473686420c3866ca2070","BENJAMIN ODURO",1,2023-07-23,"d118b2ad490f4ed2a5e1274f5c9feb3e"
"0816291734804e62a9f6e04d70de654b",XAA00055801,"4dde3593e6ef4643979bf3fc2d5e398c","IBRAHIM IDANA",1,2023-07-26,"ee3871e664914918a94f4346915d787b"
"09554818eff44d36904a0b90c39ff3cf",XAJ00050201,"0e887a73cd4545aea3c6a0b6eed3edc5","KOFI MANU",1,2023-07-26,"91640548d7d74f43b5a8dbd4b1e3477d"
"09796b6c18d54b4d98c3f5d4e26324da",XDA00062504,"ff8081816de2d3e6016eb64f988c001f","YAW MANU",1,2023-07-22,"369fab81549f41e98d57aa33ca4e3b08"
"09923d1c17084b5f8d15f96ce1993510",XFD00036201,"87b9b1349cb7466792c5382c56c60aeb","KINSLEY BAGYIENA",1,2023-07-26,"8be85077bc3e4709934386d349d1c7eb"
"0a6e0e3c268b407096802aca9eda5705",XJA00025801,"ff8081816de2d3e6016eb66ea17e0028","SAFULATU TANKO",1,2023-07-22,"13105d85ba064ff089aab6dfecb834f2"
"0a869a18ebc44a8f85615e9289648e90",XFA00004201,"6610fa5839174b93a314a080c83bff7c","MARY KUMAH",1,2023-07-22,"2b193241ea5142518438e658f7d2ee0f"
"0adab8e36465464eb952a7e120f2ad08",XJE00020701,"ff8081816de2d3e6016eb656af760022","MAHAMU JAMILATUGHA-715287353-5",1,2023-07-25,"2813e45f1d314aa08a67f8f28560fabd"
"0b8aaee3850448b2964bc3b8f77942ab",NTA00O62301,"ff8081816de2d3e6016eb699922a0040","FAUSTINA YEREFASO",1,2023-07-27,"08eea63de73c4b81aa75478926af3bfc"
"0b9e3842080f47edbc301126ce78a78a",XJE00026401,"ff8081816de2d3e6016eb656af760022","BUTOB N-WEI ISAAC",1,2023-07-25,"8d87c1f92512461b89f6516c3d137d4e"
"0ba926585715412f96f759e2a3287627",TCA00000201,"ff8081817bb9fff3017bba8156d6000f","IDOWU AKEEKE",1,2023-07-22,"a6a05232258b4b37b11085b20ed3bd9a"
"0becb24334f147218f67cf5799f8652d",BBI00018901,"ff8081817bb9fff3017bba8156d6000f","YAA KUMAH",1,2023-07-23,"ef95d121fb0f423a97b4c4d821d9018b"
"0c3b7f79b86f45cc882ca2120e53854e",XCA00063102,"87b9b1349cb7466792c5382c56c60aeb","MARY ADOLA",1,2023-07-27,"a05013386825406787a2920f0996df28"
"0cff308b4a164b4594e84302efe87bbe",NRB00001801,"20f321c71f5c46a8a8f21347c223caa4","JAMES NSOAH KWAKU",1,2023-07-23,"4ad1416d64d04686a7a5963af486a9d9"
"0d60f8640d7f4399ab1c8c804b8e884f",XAA00155802,"ff80818169ff536c016a20c8e74732f7","CECILIA AKURUGU",1,2023-07-23,"3f6650815b584fa6ad5052df9ab4564c"
"0d7346aacbba418cb3a397ab5757d286",OPD00043101,"1aba86920a9346f4b4b9aabf1a15a1ad","ISAAC DANSO",1,2023-07-26,"b4e203ddda7f4dbf9733e10f7d179486"
"0d92286b85514c7db07777fdd8a8f603",XDA00002402,"ff8081816ed1b7d6016ef991f10f0000","RITA BAYIWAKYI",1,2023-09-08,"a06e8e47ff1b4d07ae330e5953972789"
"0d9819442a324619bfe18387a82aa061",XDA00000504,"ff808181547ae7c701547b78c1150012","KWAKU MENSAH",1,2024-01-23,"ee3dc109821d46968daaaaa12a87a89e"
"0dca2fa1bb3347ba8b333207ee580174",XAA00155601,"4dde3593e6ef4643979bf3fc2d5e398c","ABDULAI KUDUUS",1,2023-07-27,"843ab3824d5f472b8fc0d14449831d6d"
"0e0e0cf74872448ba3f4052e2b4d03a6",XFA00028801,"87b9b1349cb7466792c5382c56c60aeb","KWAKU ABAN",1,2023-07-26,"2ed4bda1d134494d913cd18c4464bd00"
"0e941a00093249579c7da3d418b6f0cd",XAA00006402,"0a779a5899394aa6be727575bb32142c","AGGREY PAULINA",1,2023-07-22,"8191da1021834eb3900c8ac2752eccbf"
"0ec25642a82b46608b4f28bb6fdb23b8",XFA00010302,"ff808181776405b1017771c0ff1c0002","BERNARD AKAGANE",1,2023-07-24,"586db36dd86a40458763ae89b7cae0b3"
"0eea3e2eecab4642b89040879bfeb9a6",NRB00001301,"20f321c71f5c46a8a8f21347c223caa4","JACOB DONKOR",1,2023-07-23,"e814735cbb4f4fff8a95438525c5521c"
"0f4169abbe2a4fad9ea51db6566a4636",XAJ00037202,"0e887a73cd4545aea3c6a0b6eed3edc5","ADISAH ABUBAKAR SAQUE",1,2023-07-26,"4f6b7f9da2ef46c09cd25970ed5e7470"
"0fd6046e9848475d972b2f1ecf800342",XJA00025802,"ff8081816de2d3e6016eb66ea17e0028","ANASS TAIBU",1,2023-07-22,"4366341b1a0a4c7aa717ee4564973ea3"
"0ff699c05efe4bb99252efd164b31472",XAA00008101,"ff8081816ed1b7d6016ef991f10f0000","ALIMA ABDULAI",1,2023-07-22,"55056898a52147e09073bbbf2131041b"
"109f711bbe9942c69c22793857888a22",XAJ00072502,"0e887a73cd4545aea3c6a0b6eed3edc5","ESTHER ABAMBO",1,2023-07-27,"a650ea155f5144e786ff563a1c013a1c"
"116e80f3dd434059be1813bf7df0fa4a",XKA00146601,"ff8081816de2d3e6016eb6776f28002d","GIDI BENSON",1,2023-07-27,"820103f216f84f17808f718911a8fd67"
"11aad3a0419a4d06a39b7f110fd07572",XAJ00072401,"0e887a73cd4545aea3c6a0b6eed3edc5","KWABENA TIENU",1,2023-07-27,"47f5b6d43b3b47058e516d3a3b69579e"
"1210c90274ff435e8c53500594f6d1ec",XBE00019702,"ff8081816de2d3e6016eb2f959ed0009","MUSAM ABUKARI",1,2023-07-26,"91405797178a4f0791ab58674710c905"
"123444ea038e4c169a702de033a3c480",XBE00019701,"ff8081816de2d3e6016eb2f959ed0009","ABUKARI KUMMOJA",1,2023-07-26,"e8f4b1a5208b4efcb12db96768d25ed4"
"12b435d465564b51a8a446288e3989b6",XJA00019001,"ff8081816de2d3e6016eb66ea17e0028","MOHAMMED TAHIRU",1,2023-07-23,"c274bf04b8714e5981eac6823054002e"
"1323bcbd6ae04a62a7e80dd688bd54df",XAJ00101201,"0e887a73cd4545aea3c6a0b6eed3edc5","DAVID ATANGA",1,2023-07-27,"8d23bfcf7f4f40c081e1dce2b3bd7d14"
"13757b23df0d42328b2280bb68be51fe",XFA00007501,"ff8081816de2d3e6016eb300d286000b","CLAMENTIA AMENA",1,2023-07-24,"3429907a16e649e7b8ad0e4c3433e149"
"1378427eeead49c1aed1f8b49dc03afe",XFA00002501,"6610fa5839174b93a314a080c83bff7c","VIDA ZORPII",1,2023-07-21,"81fc1f64533f4cabac9d4e1313851eb2"
"140fafe78efe49119b08ed1d8bf6b7ec",XEA00141501,"05cac7d6a52348469c73b0d2dfa165cd","ISRAEL NAWON",1,2023-07-24,"672447032617453a829d374efc2f0f75"
"142684f92c55412aa80bbd6ee3729073",XCA00083602,"e4bce1e59c064bc18ab44a07f86048b5","AYISHETU DIKO",1,2023-07-27,"4f32545031d546e7a5f163575227e68e"
"1475596daca44adcba1cf3c1027bbc18",XFA00043401,"ff8081816de2d3e6016eb300d286000b","AWENIMBA APIISA",1,2023-07-25,"132fb47f7d6749b1b17e19ad62431573"
"1516c5597c804e28a3cac8df6702126a",XAA00173501,"eb17cafc449741329d45c90674390c2d","ISSAH ABIBA",1,2023-07-27,"7692b25343284152a5af7535c45e4904"
"15c9a033d4594c6ba3cddeabf82505f8",OJA00000901,"ff8081816ed1b7d6016ef991f10f0000","GRACE MANU",1,2023-09-07,"85f44ad4cd834e228c67a738ba8cf8b2"
"15fe5eae4b664ad8b46c48a247ccb1ba",XAL00117901,"ff8081816de2d3e6016eb30f0a1a0010","YUSSIF BILIKONI",1,2023-07-26,"b2cfeab3195b4e958c37892c8aa201c5"
"163dc7084a4242b3823f6477bd04ae7f",XFA00062202,"0b6f4141b0a64d42a0065c6b362c2603","NSOH BEATRICE",1,2023-07-22,"dc1096a2f47d470c99994c9273c1df8f"
"166e8049d14a403fb703cb7b288e76be",XGA00016201,"10c305b629c24a54b110d92fce9fef70","ADU JOSEPH",1,2023-07-22,"c6113071e59e4c6aaa156ce57590097f"
"18420f2e353645f6abb02bd151a621c9",NZC00001701,"ff80818169ff536c016a2099873632dd","SEIDU KUTALA",1,2023-07-24,"84aedb2c533d40a294f55742cb8bf879"
"187b59c3c505414d8a2f6699dffe903a",XFA00034201,"4ebeb6934e3e4df3998f37333fc7f30d","PRINCE OFOSU",1,2023-07-21,"05b7b7a34a3a499fa91bc172869dd63a"
"18f63902aa3347e1a7324ce101abfd83",XAJ00037402,"0e887a73cd4545aea3c6a0b6eed3edc5","ELIJAH SANJAH",1,2023-07-27,"97fb952fa6f841c88d01459afa2324be"
"19190703d45347b29a946324145f160b",XKA00177701,"ff8081816de2d3e6016eb6776f28002d","FRANK DAMANKA",1,2023-07-25,"cac5449b44ef4138809c03bdbcabc113"
"193fac22b68b4de79b21d366f936b32a",BEB00006201,"ff808181776405b1017771cbc4020006","ABSNA TAABAAH",1,2023-07-27,"530a0560bdd042ec80a081625d56f7ea"
"19aae9d401cb4299ae1c41eb9ae9d2de",NZA00002701,"ff80818169ff536c016a2099873632dd","ASUMAH BAYUO",1,2023-07-24,"36aa1468929b49c794e6bf7fc352c8d4"
"1a5d40ec8c774ad89e516bee8af2ed63",XBD00024201,"ff8081817537b60e0175dc0c06b70000","SALAMATU MUSAH",1,2023-07-26,"b9e6e03bed774146adeea4a9288a95df"
"1a6fc44f76a94593a362ed79a15e9570",XFA00089601,"ff8081816ed1b7d6016ef991f10f0000","CLETUS KUBASARI",1,2023-07-22,"0b8674ecfd0749f0b7b82c2ea197b286"
"1a959d9842fb450d84ba6f1ccf56d7eb",BEA00002501,"ff808181776405b1017771cbc4020006","LETICIA NOYIR",1,2023-07-26,"941057a95b734e6aafcd2c7453024632"
"1b1f6765fe744d3d912ca8a924262ddf",OPA00032303,"2a8c2a40180e4dd6b5a2f7fa7c777513","YAW AMANKWA",1,2023-07-25,"a9bf732d7ab44d31bee4678a58df2e97"
"1bc86e5c4a8a44359330c7b47416fca3",XFA00009002,"cd210b02ac0840af8b992144cb264d9b","LUCY GARTA",1,2023-07-22,"58c2a839188a49f59858ceab6b3214f9"
"1c5978f9c1bf4cf5b04cbe8ada85dd85",XAA00187101,"ff808181729dd3f10172a7d050e30000","GEORGINA PUNIPIR",1,2023-07-26,"9ccac261560b4394b995cdc3e187706c"
"1c83d48d4f2b4c8295eba6065f33f91f",XDA00111101,"ff8081816ed1b7d6016ef991f10f0000","ADWOA BOADU",1,2023-07-27,"8f3f372e10d5444daff04bb57efd4768"
"1d921fe67e3848c39403b599525e5dc1",XDA00032101,"6610fa5839174b93a314a080c83bff7c","LYDIA ADDAI",1,2023-07-20,"e22a5b6f5b6d46ec96df41c04e496155"
"1de59c08f2614d3db43080605bf1e1e5",XCB00008701,"ff80818170e9cd1c01711c4d705f184c","IBRAHIM FATAWU",1,2023-07-27,"80d2c001bfbc4d73990d5c9c7f00aac0"
"1e220f864fc54cb3b650a3b5d8ffc106",XGA00007102,"ff8081816de2d3e6016eb699922a0040","PAULINA NWASSAN",1,2023-07-26,"47ed56a15f0546608534c8f613144d0c"
"1e4335ee14d14938b13db3e4fa2cde3a",XCB00006501,"ff8081816ed1b7d6016ef991f10f0000","KOFI BOAKYE",1,2023-07-25,"998c9e4f22104129aed79c3136253f07"
"1eaa87f5c05c427fb62061c2138e9c24",XAA00156002,"eb17cafc449741329d45c90674390c2d","KWASI SAKINA",1,2023-07-26,"81253749697e469daf7be02a5db22cd8"
"1f47b6ed801e431da7c74941a19996dc",XKA00011101,"b13c08b5b20b4f77aa40a6455250b87b","ISSAH MOHAMMED",1,2023-07-24,"a57d8d9bce6c4ab4b71c08ede4576b79"
"20a653a05d3642d488ff628f3e63a5c4",XDB00011102,"ff808181547ae7c701547b78c1150012","ISAAC GYIMAH",1,2024-01-24,"444f9b16f6c0465780bbb77d704d1c98"
"20e8819aec534fe78e3a6e114e668c10",XFA00007002,"ff8081816de2d3e6016eb300d286000b","AKUA NLASUN",1,2023-07-25,"d5d0f40402454c349ad9df4d842dfec3"
"21577b8e752a4a34aa3a3bf628cc4bb8",OPC00017001,"8b4836ae9797493cbd1e4652c1fa976d","VIDA WIAFE",1,2023-07-22,"9656a1c088bf459ab4667f93d6577cfa"
"21843484841243b9bb2c8f7c2b47e4c9",XLA00003801,"ff8081816de2d3e6016eb306d5e9000d","IBRAHIM MUBARIK",1,2023-07-24,"1dc01a741b3e4cdca958e2d1bb182660"
"2228e0a8507747e9895e9c9996a06723",XAB00068002,"0a779a5899394aa6be727575bb32142c","WOMBEI NYOMBO",1,2023-07-23,"e2d1b10f48e04f2d8e12da67e1a002d8"
"23959203686345f8a2063107931b5bde",XAB00003702,"0a779a5899394aa6be727575bb32142c","NANA WIAFE KELVIN",1,2023-07-23,"7a442b5914034d68b19b64c90e9c963f"
"24160cf0f4a944a5827fae5c27f45016",XCA00083501,"87b9b1349cb7466792c5382c56c60aeb","GLADYS YEBOAH",1,2023-07-27,"db06afb343c945a6afec8ab74d1cfa33"
"24efe06fee9b48218656a1db8988c635",NRB00003301,"20f321c71f5c46a8a8f21347c223caa4","KRA KOFI",1,2023-07-23,"8b6d50e0e4a747a98e698868bd0e717a"
"259146ef3de6446283a174685fbce776",XKB00068102,"20f321c71f5c46a8a8f21347c223caa4","PRINCE FORGOR",1,2023-07-21,"6807ca8f633f447dadc6a193eb74e46e"
"2622871c147d479cae4a50f33991100a",XFA00010304,"ff808181776405b1017771c0ff1c0002","MARTHA AYAMGBA",1,2023-07-24,"6f0b9deea3f74263b310e1f622e2a58a"
"26986e0215da47808d0e0ad6be943acb",XAL00058102,"ff8081816de2d3e6016eb3039bf3000c","FAUSTINA AMPONSAH",1,2023-07-27,"975642c444e447418d4f930de271f9f4"
"26e87c1bf2764473a2334ee09a89fd1b",XGA00018302,"10c305b629c24a54b110d92fce9fef70","BAFFOE KWADWO",1,2023-07-22,"2642b349b3de45a091793a54f21e56fb"
"27826e851f2749ba9652b31c8e55ca7d",XCM00063201,"ff8081817bb9fff3017bba7c9ee60005","CHARLES ASIBILE",1,2023-07-25,"522b6cba10b74ac29931a4653ada91c3"
"278709478493474ab758b3ca0d2f0588",SUC00014801,"ff8081816de2d3e6016eb6925a8d003b","BIDAKENYE GONDO",1,2023-07-26,"fc9da7a2a2924debbba8c762f7dc3fa0"
"28304ba519684d02b9cd7cedb04960d2",XDA00062501,"ff8081816de2d3e6016eb64f988c001f","ADJEI MENSAH",1,2023-07-22,"b844d3cf03494dfaafd7b0f4ad34f0de"
"283064c4ff1048408c021c0aae31c1b4",OPA00077103,"2a8c2a40180e4dd6b5a2f7fa7c777513","PETER ASEBERE",1,2023-07-27,"f1c8b0ebc6b64595b5f215a1c2062295"
"286db325e8b947a8befeba2b2d9af1b3",XHC00001005,"eb00d24084df4b4fa851a0432910d7d3","GLORIA MAA-IRE",1,2023-07-27,"3d953e0e55eb467680da2d84ce08efae"
"29e447b3c9184034adfba712ebff2f32",XFD00083603,"10c305b629c24a54b110d92fce9fef70","MARY OWUSUAA",1,2023-07-23,"a26070f22ca64c22b3e9cfc6b2e930a7"
"2a8bc14c751244618f2eb6580b48d0d2",XDA00008201,"05cac7d6a52348469c73b0d2dfa165cd","YANDAM CHARLES",1,2023-07-22,"3ac0c84a96f4489dadeb4a5c3efe236f"
"2abf08e73d01429fb8216f53a3c65667",XFB00000704,"ff80818185862d780185862e0e790000","MARGARET BADU",1,2023-07-26,"aa745c836d404d688e3774a51f6d4964"
"2afe25c93e26467489b5d6beb977d51b",XFB00001802,"ff80818185862d780185862e0e790000","JUSTINA KABAYIRE",1,2023-07-27,"9741253d61774efcb35c1d546c68acd2"
"2bd1c1d9b5af468a90d3096226e761c3",XFA00007101,"ff8081816de2d3e6016eb300d286000b","COMFORT ANKOMAH",1,2023-07-25,"7f4414703b76486cb6401e9b33843d81"
"2c64d2d2cd6f4d91b3c07a6098e16d92",XHC00000603,"eb00d24084df4b4fa851a0432910d7d3","CHARLOTTE OWUSUAA",1,2023-07-26,"600660c99ba34091be4ecec1bf530947"
"2c6829f874a9468e8e3fc617d7e0e95a",XAJ00037303,"0e887a73cd4545aea3c6a0b6eed3edc5","ESTHER ABAMBO",1,2023-07-26,"d227a8a7538e4ea7bd69d914a737fe5b"
"2c8f142baa264258a5f7499c6d63b949",XHC00001004,"eb00d24084df4b4fa851a0432910d7d3","PHILLIPA ASIEDU",1,2023-07-27,"10b8511fc93e4278bc9b656eafc0efa5"
"2cd37008930e486898d81cfb6767152b",SUC00015801,"ff8081816de2d3e6016eb6925a8d003b","ABDUL BARKI MUSTAPHA",1,2023-07-27,"c94c4786ac774cf5b87151bff7dbd106"
"2d007aab58474fe88c9db34798cc5714",XAJ00037302,"0e887a73cd4545aea3c6a0b6eed3edc5","EMMANUEL YAKUBU",1,2023-07-26,"9c2a389276ec4b1dad47a3c9f7107528"
"2d833ee3c4334f0f82291bb8e48ec5d1",BEB00007002,"ff808181776405b1017771cbc4020006","RAZAK MOHAMMED",1,2023-07-27,"afeb4a3f8d2146dfafc46c984bf1ed56"
"2f34b4247d3d4fd0b6861ba6041c48c3",TCA00001402,"ff8081817bb9fff3017bba8156d6000f","NAANANBEKINA NTAADIN",1,2023-07-24,"167ba6f59dfe4d19a2277e325bf94201"
"2f38040f0c2d4c5faff9944153f9a213",XAJ00037404,"0e887a73cd4545aea3c6a0b6eed3edc5","DAVID BINANJILIB",1,2023-07-27,"e6e9e5d257354e6e8188016fb27734ce"
"2fbe6c9e7ae6404899f024a1caebb6fe",XFB00000702,"ff80818185862d780185862e0e790000","ISAAC DAPAAH",1,2023-07-26,"303dfed0dc63462b8eb8e46513f4c26e"
"2fdd87f9f90649f890ba15f4952f3298",XAA00155801,"ff80818169ff536c016a20c8e74732f7","BUSI CHRISTOPHER",1,2023-07-22,"3c8b88721a8e44f5b71adfefd52533b7"
"2ff2a698ad5a4f398245c1e6c0d4e720",XGA00017802,"10c305b629c24a54b110d92fce9fef70","NKRUMAH CHARLES",1,2023-07-23,"a3d48b15ae2a40c7ae970c9ce33ed891"
"309053885a5d41439b3904671152ac72",XDA00077001,"0270ece3c09c457e95ecdd9cfe47458d","APPIAH AUGUSTINE",1,2023-07-25,"9bd366615b624f15842aff4c9332c371"
"312326145ce54284943b3acdda2b2348",XCA00007302,"e4bce1e59c064bc18ab44a07f86048b5","FUSEINI MARIAM",1,2023-07-26,"d4c1ff89b3f04657bdbd082d4f5bd5d6"
"3132bd3184894a3ea93d6626dd499787",XAJ00142402,"0e887a73cd4545aea3c6a0b6eed3edc5","ADWOA MARY",1,2023-07-27,"49673994059046a0b9d7611c306462da"
"3157468ccd2e4e4c9ecace61a391b5b3",BBI00109001,"ff8081817bb9fff3017bba8156d6000f","ABDULAI ABUBAKARI",1,2023-07-22,"372539bc51ed4158ad39167e3c87b91a"
"31a38e6c39f243d1a7fd01364706174e",XKA00081302,"b13c08b5b20b4f77aa40a6455250b87b","VICTOR DAPAAH",1,2023-07-25,"fce726897b524731b518442aa3a4a2b3"
"32376fe6fb1c4934947a89b26d409014",XFD00036203,"87b9b1349cb7466792c5382c56c60aeb","JONATHAN BADAK",1,2023-07-26,"602e718200c24221938b0de739be7384"
"32d58bfc774d489c8f7348531756050f",XGA00018303,"10c305b629c24a54b110d92fce9fef70","VICTORIA NATIMMBA",1,2023-07-22,"aa12509b9c604cbcb9b92d5231107665"
"32fc87b1105e4946ae3c9dee2ccce161",XJA00003101,"ff8081818119d07601812333b2320000","SALIFU RAKIA",1,2023-07-25,"f22536dbe72e4882acafd209847e9d6a"
"33e97dcbd2414970a1a1912865b01b86",XLA00004201,"ff8081816de2d3e6016eb306d5e9000d","MAADO VIVIAN",1,2023-07-24,"23256f249c984cd2b0672c25bbd8c8dd"
"3403cb82419a4934a994af60666da1fa",XEA00100601,"05cac7d6a52348469c73b0d2dfa165cd","MERCY TANI JISSAH",1,2023-07-24,"001382ae17ac4e279bed838bbd969dff"
"344c26363c724d77aa3fe31342d9b7e7",XFA00008801,"0b6f4141b0a64d42a0065c6b362c2603","TANG ADELAIDE",1,2023-07-22,"59d11540e2084185bc1df2e772729a48"
"348f7820132740d5826bc616ae22d6cc",XJA00013602,"ff8081816de2d3e6016eb66ea17e0028","AYISHETU ABU",1,2023-07-23,"6155450a834349309491d151be174709"
"349c6a8b8c42470dae0580b607e2b71c",XFA00034501,"4ebeb6934e3e4df3998f37333fc7f30d","KWABENA ASUMMAH AMEYAW",1,2023-07-21,"72d1634e0fad4083bfedee17148a0fb1"
"34bc85bfa215409f8354a3e76a7ce6be",XAJ00037101,"0e887a73cd4545aea3c6a0b6eed3edc5","SOLOMON NFUM",1,2023-07-26,"2d89dc2daf0c4daa95e7d820ab0b13a3"
"3509fa696e9c4915ab3a6cd37191d0f9",XDA00001502,"451a12e9cc68473686420c3866ca2070","ERNESTINA BOAHENE",1,2023-07-22,"dbff1bb23f294bd083ec858e19edc182"
"35d7eae7c17a49eb89a2cbc2038715b2",XFA00061002,"ff8081816de2d3e6016eb300d286000b","KYENOURENG DORA",1,2023-07-24,"11119d9e0df947ccab71182a9f3564c4"
"36129fe2a8eb40cbb47b9927437a211b",XDA00005802,"451a12e9cc68473686420c3866ca2070","JOYCE POMAA",1,2023-07-22,"b050b6849b7a4a5ebb4cef1acbe59a14"
"365eb321ea604ce2b69e8df9bd77bfb6",XJE00024902,"ff8081816de2d3e6016eb656af760022","NYAYONG MAAYE ADWOA",1,2023-07-24,"0e4b8546a35b4b10995f04e52247d941"
"367697dcc4d5435996f9238d50faf910",XAA00144301,"ff808181729dd3f10172a7d050e30000","MONICA POGTAAH",1,2023-07-23,"52694550b63641208afe47fc7b7c5503"
"3683b8c7996840168c404ebababcab4e",XFB00007902,"ff80818185862d780185862e0e790000","SADIA AWUDU",1,2023-07-27,"cc24407ed7354914b95f38285e109178"
"36853e000da8427785149b0fb44a259b",XAX00136701,"ff8081817a097f60017a1fc61b860000","THOMAS NKONE",1,2023-07-27,"878337fc47dc4df7850fb82dc659c902"
"3789f003edef43d2a3b3908168884d29",SUC00076501,"ff8081816de2d3e6016eb6925a8d003b","ABDUL RAHMAN IDDRISU",1,2023-07-27,"7cf339f9f89b482a8b17504d08885fdb"
"379a508c15644e91bf5b029ba11e6eb9",XJE00027002,"ff8081816de2d3e6016eb656af760022","SANUSI ASIA",1,2023-07-25,"3464bab6deba4d69a2c67e3f4c001c07"
"388d510d8c274f828a9729642ad4caa8",XAX00136702,"ff8081817a097f60017a1fc61b860000","PETER SAANINGNE",1,2023-07-27,"ebdd9c2cbe7e4727a1f31447693cfd3d"
"38b92910c6584892964f4d742c1c7edb",OPA00124001,"ff8081816ed1b7d6016ef991f10f0000","GRACE MANU",1,2023-07-21,"78aaacea4a094e088d6a3fe6ee8af2cd"
"38e8617b257c45beb9818faf4748702b",XFA00068101,"ff8081816de2d3e6016eb300d286000b","MARGERAT SOMTONO",1,2023-07-24,"e6314cdaaeb34f56927d49f1f642d7a8"
"38f0327a8f8745589898639e61dc33d7",XHC00001102,"eb00d24084df4b4fa851a0432910d7d3","AKOSUA NICOLAS",1,2023-07-26,"563ce8cc040e443f992e4844c1d34507"
"3996cea7bff047e98bc370855bc49d3e",SUC00076601,"ff8081816de2d3e6016eb6925a8d003b","IDDRISU ISSAH",1,2023-07-27,"2a0a53a7e71a4652ba565e7ffb376819"
"3b5cb342a7bc4f619c40c5d1b2799eec",XFD00031301,"10c305b629c24a54b110d92fce9fef70","AMA GYANFUAA",1,2023-07-23,"8c3668babc9b436fa8448605f43d7009"
"3bce0a95c42049f2b416e0c43f77ed4c",XJA00003303,"ff8081818119d07601812333b2320000","ABUBAKARI KOMBAT",1,2023-07-24,"59d7879a4e6845af97c8b30355814233"
"3c250336a9f348a8bbc65bf00da6c1fc",XKB00068101,"20f321c71f5c46a8a8f21347c223caa4","NYAASOMACHO ISAIAH",1,2023-07-21,"b72841e33f9a494aa78310193746a247"
"3c46a23a3f5d4d4d931e68fca7ba8ffb",XAD00142601,"ff8081816de2d3e6016eb2eca9610004","BIBOGMA DANIEL",1,2023-07-26,"ec1f41860da143e4a99181294960a33f"
"3c5fbb35bc0d4aa492beb7898303630d",XFA00040401,"ff8081817bb9fff3017bba7ebbfe000a","BEKOE LUCY",1,2023-07-26,"0b9d62e143f542d7ae0e4870dd75a13d"
"3c616c524f584b698ff3e226b3a3ad9d",APD00065901,"ff8081816ed1b7d6016ef991f10f0000","ANITA GYAMFI",1,2023-09-07,"f6589b45b38a42e8a5c6949cab340789"
"3cb89623a8fa4e2fa9549bed7d74950f",OPD00068501,"1aba86920a9346f4b4b9aabf1a15a1ad","FOSU AGYEI",1,2023-07-27,"72c74efb39554e5b846586b298529a47"
"3cbc1f1a892b444eb1121183f33221d1",XDA00001802,"0270ece3c09c457e95ecdd9cfe47458d","FELICIA KWEIBA",1,2023-07-25,"757b74fd247c46fc83c6fb64f3e9ece6"
"3cf819b735bc4179871657a22e9d6288",BEB00005601,"ff808181776405b1017771cbc4020006","RABIATU ABUBAKARI",1,2023-07-27,"619c4abdc6d94c119f5a105061c00b4b"
"3dde32ad932a4752a9a43ee4239651f0",XGA00010202,"dfcb66b9d0654634987960b288a8b57a","DINA AGYEI",1,2023-07-22,"63abe547cc8b409e8a44a4e64248f878"
"3ddecc43a79c4aca98d9d2bac1c12c8b",XCA00076603,"d409828b026e42709d78320d7861457a","YAKUBU ADAMS",1,2023-07-22,"1a08669007e34d938efec5c2f78b6193"
"3e4e864683e44d949f3cb5b3b8f6389b",NRB00001601,"20f321c71f5c46a8a8f21347c223caa4","MOSES KWASI",1,2023-07-23,"2033428653e540168bf0b0e180ea7c7d"
"3e7086d8ac79476dab113ba7a788cbbc",XAA00006504,"0a779a5899394aa6be727575bb32142c","NSIAH ALICE",1,2023-07-22,"bafdb171b0e94b89a7f51c3c21c77fe7"
"3f44409ccff74d48a68f02513356bd68",XFA00007701,"ff8081816de2d3e6016eb300d286000b","KOJO SAMMY",1,2023-07-25,"6301e1a6c4024b47895bc99aa532f18c"
"3fcb58786ab9491b9a50e9a6b9427352",XAA00006401,"0a779a5899394aa6be727575bb32142c","ESTHER BAATU",1,2023-07-22,"53f4f51763344d1e80122412ac034aed"
"40630d97a9da43ffb6366befc9fb37bd",XDA00058401,"ff8081816de2d3e6016eb64f988c001f","ANKOMAH DIANA",1,2023-07-22,"6914be846313475394900daacaeb59ae"
"40d7c40713b54a4badb7e8d36bb765ee",TCA00001401,"ff8081817bb9fff3017bba8156d6000f","GEORGINA YAWAH SANDOW",1,2023-07-23,"66846aaa1fb74fb68d1fe1754db80e68"
"41f5803446514f3e821471f602e9da16",XFD00031302,"10c305b629c24a54b110d92fce9fef70","ASANTE RICHMOND",1,2023-07-23,"62573ad2c9e54f9d99b6cac8a5b23290"
"4235b0d3aade4c1a81104d345ef691ef",XNA00000901,"96a2c5f1c1d946b3b99b099d62f6f539","YELIBANBA KONO",1,2023-07-27,"62218791c305488e883400e08331adac"
"42c6a7da6cd344afa578dac655d248d0",XHC00001002,"eb00d24084df4b4fa851a0432910d7d3","ALICE DONKOR",1,2023-07-27,"10a73b7efc5f4423a5b83f025b870e81"
"42eb70f318324c6eaf4e11ccb68cd6b4",XDA00001302,"ff8081816ed1b7d6016ef991f10f0000","JENNIFER DUAKO",1,2024-08-27,"79beaa475f8449c0849cb4ce7ad19dd6"
"42f7624fa52448fa906d0ec924ca76cc",XFA00007201,"ff8081816de2d3e6016eb300d286000b","NAOMI ATTA LAARA",1,2023-07-25,"07bcf39b5b674ce9949fcdfccf0f2d39"
"432b09300d5a4f82803573b3c9697b5e",XDA00009301,"ff8081816de2d3e6016eb64f988c001f","APPIAH AUGUSTINE",1,2023-07-22,"9bd366615b624f15842aff4c9332c371"
"43a463c19634427c9aa8ffae45a57804",XJD00108802,"ff80818169ff536c016a2099873632dd","ALI GAFARU",1,2023-07-25,"22c09b84ba6248d4a58457d16854a2a0"
"441323fdf97a439895b9687a3b911ab0",XFD00029501,"10c305b629c24a54b110d92fce9fef70","APURI JOHN",1,2023-07-22,"f387cb5bdfde4ffeb096d05eeb76084f"
"45de1ed2ee2c4ab6b5ac8e20fa3235c4",OPC00019101,"8b4836ae9797493cbd1e4652c1fa976d","WUDANA ABDULAI",1,2023-07-22,"c2c67ab6f7594ed0a99ad4a57e607aa2"
"4606de3e847544b282a5010ad0462b2a",XDA00053802,"ff8081816de2d3e6016eb64f988c001f","KHAN ABOAGYE",1,2023-07-22,"4bb62e59505347fab6dc940adc17c8e1"
"464dc7e1283e44fbad520ffa5dc055df",XEA00100602,"05cac7d6a52348469c73b0d2dfa165cd","ISAAC BPRE",1,2023-07-24,"97f9eeec7df64c938a2172e489c747d7"
"46619cb90d564e9bb6f2eed95c4f88e3",XGA00009303,"dfcb66b9d0654634987960b288a8b57a","ASANTEWAA MATLIDA",1,2023-07-22,"ce61e1eda66941769e4414bb3af712a2"
"46a41f9657b34afcad80026814d30d79",XLA00004802,"c40bfedc3555431e838fbf8a5008284e","YAW BARTO",1,2023-07-25,"e2760a27bacb424fb2570a019bee08bb"
"4715ff0371b94864997cb1de4c0409c5",XJA00021601,"ff8081816de2d3e6016eb66ea17e0028","MAHAMADU YUSSIF",1,2023-07-23,"38a1f4f5777c4214b63ea033dabedc25"
"474b31519e8249ed90f3c4b98716287c",XAA00055802,"4dde3593e6ef4643979bf3fc2d5e398c","EMMANUEL ADOBASOM",1,2023-07-26,"6dd80b6bdfb7498a8807295438b2c069"
"47f0a79e7b1f45bd87cfbf1dda5cd8c3",XAA00184502,"c58987d6f9fe430889e8f0664001da35","KWAME NYAGABE",1,2023-07-22,"d05bcab9c3ce4461902a20c7ceb2ad6d"
"480d4460d9e945a19a4a56a9b61e6d9a",XKB00148001,"20f321c71f5c46a8a8f21347c223caa4","CHRISTIANA NUM AKUA",1,2023-07-22,"7d74888b5d4349e4a194c487f8005ea8"
"4878d4be52a644a7a352e9d08d70714d",XAA00037702,"eb17cafc449741329d45c90674390c2d","JAMILA KASSIM",1,2023-07-27,"b7ca68b56f464e359aba78215c45a0bb"
"488e37b4274442f2ba0734f7157e5ea1",BBL00193602,"ff8081816de2d3e6016eb6925a8d003b","AKOSUA GRACE",1,2023-07-24,"5d4b65fdf3754857ad324fbf7105ff92"
"49eb8d44c3154149bcc7092a7f96baf3",XCJ00028302,"ff808181729dd3f10172a7d1f0c70001","KWOPA KWABENA STEPHEN",1,2023-07-26,"556ed50a7cdc41c3a5e83f1e21baeb1e"
"4a1babe406b8441e92f41dc9bbc4eb45",XFB00000703,"ff80818185862d780185862e0e790000","JEMAIMA DOWANA",1,2023-07-26,"daa9a909dee74076bb4b6ef59fa0d574"
"4a2f456eac78446cbcde9b59a9589abb",XGA00007105,"ff8081816de2d3e6016eb699922a0040","RACHEL KUSIR NDORIGENAN",1,2023-07-26,"2ba4f43a35c44ed491cd74b9a519f039"
"4a55c3883aa342a0b9b0e4b8bb66c665",XGA00007103,"ff8081816de2d3e6016eb699922a0040","FRANCISCA NYABI",1,2023-07-26,"06b01cb907e749768a7bcf5083e086ac"
"4a77145de5e0477e92975af6cac68b00",XLA00009501,"c40bfedc3555431e838fbf8a5008284e","DUAKO ANITA",1,2023-07-27,"4b32247279fa4ca7be59b282799f8e6d"
"4ac46a944707412991c3ad607ddeb205",XJA00001401,"0270ece3c09c457e95ecdd9cfe47458d","AYISHETU DAWUDA",1,2023-07-24,"ecf28006501a459793e7c427d3287640"
"4b6dcb1dbbfe4e22a0f13f659477e041",XLB00027101,"ff8081816de2d3e6016eb306d5e9000d","VICTORIA GYABUNI",1,2023-07-25,"9ca7d4887fda4ddaacdd851f17b901d4"
"4dad3594cb54493d9707e282fa759653",XGA00016801,"10c305b629c24a54b110d92fce9fef70","YAW MENSAH",1,2023-07-22,"0159e3e4075d4e8998ed332f2d1518aa"
"4f4f00016bab4446a6d5b7770484bc05",XAA00144303,"ff808181729dd3f10172a7d050e30000","ATTA SENIOR",1,2023-07-23,"2ae9bcc77c9d4a6a9aee5922f238c015"
"4fa1b52ff1274d7282b5f6715bbcb1b2",XCJ00028301,"ff808181729dd3f10172a7d1f0c70001","ANTHONY KWOPA",1,2023-07-26,"df9faf1261b24566aca31479a74e48be"
"50d81c307da04ddd86c064aec3f69cf4",XAA00007401,"0a779a5899394aa6be727575bb32142c","VIVIAN BOAFIE",1,2023-07-22,"d1a1938c78934ae081ab2e2bbd3151d2"
"518f6d4857f942ecbd53160d85f9aee8",BBI00192401,"ff8081817bb9fff3017bba8156d6000f","MOSES KPEGYA",1,2023-07-22,"7c12af0df7af42a2806e066425aaee1c"
"51c6a10d72994352a5c41543e0e3bb6f",XGA00018301,"10c305b629c24a54b110d92fce9fef70","MENSAH GEORGINA",1,2023-07-22,"872ca949c1bf4c439d27c08c424f10dc"
"51f4909e1a804e0ca8b0ad617d6f974f",XKB00067601,"20f321c71f5c46a8a8f21347c223caa4","ALIMATU ABUBAKARI",1,2023-07-22,"2b9d96aa1e7543b4bfcdf8b1ca263b39"
"51fcb94b82fe45c387243e57ac704752",XFA00045101,"6610fa5839174b93a314a080c83bff7c","KOFI DONKOR",1,2023-07-21,"c3bdd8a77f19497a915bf0b1ffd3c3ae"
"52310faa01274d92b675811a2827b7a5",XAB00003602,"0a779a5899394aa6be727575bb32142c","MARIAMA AMMA",1,2023-07-23,"1f01d203a82445dab5f0546e3dbd5a1b"
"524fad9ec7e747868899c8f6d67bc159",BBL00082401,"ff8081816de2d3e6016eb6925a8d003b","KWAKU ADAM",1,2023-07-25,"ade7ac8bf5ab46d9b50d7e2ed6823b39"
"5287aad83491404fb37dbe2ed25cb845",XFA00042901,"ff8081816de2d3e6016eb300d286000b","EVANS MORO",1,2023-07-25,"ee539b5880014a4c9543549f7a7538c1"
"528af798e123456e89fa7d30064a1da7",XCA00078601,"ff8081817bb9fff3017bba80ef34000e","WIAFE AKENTEN",1,2023-07-26,"5b0cf115f79d4495a87a18f004361d7b"
"53aeb506fab1482992b75c733144c383",XBE00019801,"ff8081816de2d3e6016eb2f959ed0009","YAA BILABO",1,2023-07-26,"14f1f422a86942168a8f696f5474cc10"
"53fedaa678a040aea970f64df19fc135",XDA00001501,"451a12e9cc68473686420c3866ca2070","AMA OWUSUAA",1,2023-07-22,"84bd2f77a44147ba8538ed5cb67e0aa6"
"549eb8acd17f4f34b55cdcfd55216719",XDA00005801,"451a12e9cc68473686420c3866ca2070","COMFORT NYARKO",1,2023-07-22,"2edc7e57e31d48f5880959a70484cb3d"
"5507ce7ab18248d2861b85bcc56c503c",XGA00018201,"10c305b629c24a54b110d92fce9fef70","NAFISAH MUMUNI",1,2023-07-23,"04ce32db0f5e42b98ae556e9befedd0f"
"5519b4eea58f49529a65c123d4d78815",XDA00053801,"ff8081816de2d3e6016eb64f988c001f","AGYEMAN LYDIA",1,2023-07-22,"f669c5fb68d64604a3241e47e38e1ddb"
"5521f455bb3f45bfab17a186b05b4193",XCA00093702,"e4bce1e59c064bc18ab44a07f86048b5","SARAH OWUSUAA",1,2023-07-26,"27a617a275ea41c7bf15b2603c501b7e"
"5532e5eeba8a41c8a4ccf2dcc0bba946",XAA00118601,"ff80818169ff536c016a20c8e74732f7","VIDA ANANE",1,2023-07-23,"536bc4422113473cbd04d9cdbf10d5b8"
"55689b92d1c546c1823e7b250811315c",XJA00003001,"ff8081818119d07601812333b2320000","LAFISAH ABUBAKARI",1,2023-07-25,"cab04a592bd443839a2c3d6dbacc0364"
"55d85da35f554b3abeeb6f6777523c3a",NRB00005401,"20f321c71f5c46a8a8f21347c223caa4","NUM ADWOA",1,2023-07-23,"dadf80ef5fcb4be39e24d2ea54dd99b6"
"55e38353d3e9458c9adab892190c6159",OPA00096103,"0cd37c782a464f49a3ab71579ba967a1","MAXWELL KWAKU",1,2023-07-23,"51c16cd1b2e94dde81e3d50413f103de"
"56090c1a35ac45069c8c0e986a55da23",XAA00037701,"eb17cafc449741329d45c90674390c2d","AZURE RAMATU",1,2023-07-27,"040f28ead89440b1bff8ab0d9f932a07"
"56430743465b4f2e9c78aeb2dce5f6ab",BBI00201501,"ff8081817bb9fff3017bba8156d6000f","DORCAS BETIYE",1,2023-07-24,"5ba714478a55476b9eec2fa145dc8684"
"569861e43f54481da3456ddc0b212453",XJA00002401,"ff8081818119d07601812333b2320000","SULEIMAN AYISHETU",1,2023-07-24,"8a33723320a14e9a8e5dddede421157f"
"56bd0892db124fb6ab79b79c494879dd",XJA00025803,"ff8081816de2d3e6016eb66ea17e0028","SUMAILA IBRAHIM",1,2023-07-22,"78e6a222683f4ec7928d126994a496c2"
"5706170d2be6483ba96609e143e1a83e",XLA00003601,"ff8081816de2d3e6016eb306d5e9000d","MARY NKETIAH",1,2023-07-24,"1058d570dc204b9b9a58c0e741667c51"
"5791fc684617400d8f7fdcb38a0687b8",XHC00001001,"eb00d24084df4b4fa851a0432910d7d3","ROSEMON RAYDU",1,2023-07-27,"1c65b53e0a09413181f3fa44fff70a21"
"57e017a14c734fe3886dee3c99f093db",XFB00000201,"ff80818185862d780185862e0e790000","CYRILGHA-725505154-6 FAABABAARA",1,2023-07-26,"a3a4ad0bc15d49b29ed6ea403bf673ef"
"5838b57f2484494bbad0bbb9ef47d7f5",XFA00010401,"ff808181776405b1017771c0ff1c0002","RAZACK ABUBAKARI",1,2023-07-25,"bf5c6e2dee1d4b3bb0929b3989db0b43"
"584d9121d93b47e9bc8ae1dd7f844c89",XCA00006101,"e4bce1e59c064bc18ab44a07f86048b5","COMFORT BAFFOS",1,2023-07-27,"d454dea4543f4ea1b0d5c38c253e91b8"
"593845fd774d4b09b23afe27768a29e2",XCA00083502,"87b9b1349cb7466792c5382c56c60aeb","OBENG ISAAC",1,2023-07-27,"6098e505e7ba475d97796164e01c2b1f"
"5a1635d562a94319859324d3735dfdc1",XAB00003501,"0a779a5899394aa6be727575bb32142c","YAA GYASI",1,2023-07-23,"92a820ebc1cf4f7d82c2c11ef8a4cf5e"
"5aa415fc1eb54b319bca8b56b24ba002",XAA00166801,"ff808181729dd3f10172a7d050e30000","CHELAMBO NBINGBA",1,2023-07-26,"7288d32e1b414b88bc2d4e8d9a09efad"
"5b58f13dabcb4101a8413f149cb8e29b",XGC00019302,"ff80818170e9cd1c01711c4d705f184c","JOYCE AMPONSAH",1,2023-07-27,"7d6d0dbc60bc40ee8aba487d9047abb8"
"5bde314aeec04dd585b6eddd0cb15876",XHC00001003,"eb00d24084df4b4fa851a0432910d7d3","PRISCILLA POKUAA FRIMPOMAA",1,2023-07-27,"fe54e484bee34511b86b84c709ef383e"
"5c13c44f67fe4247a181a2eb75c0cc3d",XAB00068001,"0a779a5899394aa6be727575bb32142c","LACHA HAJERI",1,2023-07-23,"bb093e38ba754160a4054a25892b2b1f"
"5c856cfbbfc744b5874a516a24cb626c",XJA00000901,"0270ece3c09c457e95ecdd9cfe47458d","AMINA AWUDU",1,2023-07-24,"657fcd1441b9498ba248b147e56040d5"
"5cc23c98a3894b5d8bf004b0a2f6b4bb",OPA00032302,"2a8c2a40180e4dd6b5a2f7fa7c777513","SAUDA SHAIBU",1,2023-07-25,"48b2e2a3ebd8420389d5c8a88ff48520"
"5ccc2947d53a40dcb1d47d013e2e571a",NZA00002702,"ff80818169ff536c016a2099873632dd","SUMAILA RAZAK",1,2023-07-24,"a61db0ac914e4f98af9d8b4fbaa9cfc2"
"5d3354b779b6400c8fa73916c3c9d6cc",XFB00000603,"ff80818185862d780185862e0e790000","NSIAH KWASI",1,2023-07-26,"2997db7e77d34f72b44904e20125c2be"
"5d3a5d1f2f7b4cd78b779cc16ff52f0b",XCA00076604,"d409828b026e42709d78320d7861457a","WUNI TONGO",1,2023-07-22,"01da4262372846e794615603b593a1b7"
"5d4a57592dbc457fadc9acf996cef9c5",XAB00002802,"0a779a5899394aa6be727575bb32142c","OSEI NAOMI",1,2023-07-23,"223b58cc66464ea9892bbd87abc0834b"
"5d65e2310ed346c8b7b9b7aeec29cefb",XNA00001001,"96a2c5f1c1d946b3b99b099d62f6f539","GRACE AKUA NPONG",1,2023-07-27,"d77e380e2a614e4c91638963fb8543e7"
"5d7debe88d114ddf8a0a37789ce04f62",XCA00076602,"d409828b026e42709d78320d7861457a","KENNEDY MENSAH",1,2023-07-22,"09208dd0602c43f3a450d55c033cc16f"
"5de8b376d40f4208b36738b321dfb4f0",XCA00078301,"ff8081817bb9fff3017bba80ef34000e","CECILIA ADWOA ANTO",1,2023-07-26,"f3df8e7da95e48c08a977e8cc25b259a"
"5e695b16fc974093b62cad9ffd5e1d22",XJA00002402,"ff8081818119d07601812333b2320000","RASHIDATU YAYEH",1,2023-07-24,"087aa7dffe8c4a3d93ff21c59ec49f08"
"5e898e5150614e3493afb17df93121f9",XJD00108803,"ff80818169ff536c016a2099873632dd","YAHAYA ALI",1,2023-07-25,"484692c917c0496a902a9561ad155386"
"5efdae8cbb5a4b1baf26be83cc969e94",XNA00004601,"96a2c5f1c1d946b3b99b099d62f6f539","MATHEW NANGA",1,2023-07-25,"f7686e5e01754490aa54e2a538e7edd9"
"5f79d79a755846edab135f693a09dc35",APA00065202,"ff8081816ed1b7d6016ef991f10f0000","JOHN MENSAH",1,2023-09-08,"2c97eb998a9a471987b5ca8cc0087453"
"5fa6839a04bb4d75bedcfd4200c6729a",XAA00006501,"0a779a5899394aa6be727575bb32142c","ABDULAI MEIRE",1,2023-07-22,"30753acd9c82452eb7fb1f0fbcfe39e8"
"6007bf94909247e68c2a1300bd1ef0ca",NRB00013201,"20f321c71f5c46a8a8f21347c223caa4","MARY NTOSO",1,2023-07-23,"59f4418f70d649ffb2bac040fe5c942e"
"60825cb4d2b84892a33597bbbef3d409",NZA00002601,"ff80818169ff536c016a2099873632dd","ABDUL-RAHAMAN GAFARU",1,2023-07-24,"7b7f396d2e8241c8babcff2983406814"
"60de0a3c586c4697bcd2b9a2109bebf6",XFB00027702,"87b9b1349cb7466792c5382c56c60aeb","EMMANUEL AZEKO",1,2023-07-25,"e9a4d92b27234f2a9e79ae0070c3c04d"
"61d936338d9b4002a2562b8b5b145d18",OPD00048001,"1aba86920a9346f4b4b9aabf1a15a1ad","SAMMY ASHIE",1,2023-07-26,"f11050ce132d4a41bbcc069596d7693e"
"61d9b8b2dd934b4894b2db9b8c70d12d",XCA00076601,"d409828b026e42709d78320d7861457a","ISAAC SAKYI",1,2023-07-22,"7fde9b40b629472d85388626f546bbe5"
"634ed31a48094ad380a439237945debf",BBI00001001,"ff8081817bb9fff3017bba8156d6000f","SALRATU ABDULAI",1,2023-07-23,"d02e1814cd4a4b08ba163cf8fee5a4f2"
"650c5e0c0de9498a898abc65834180d8",XAJ00037002,"0e887a73cd4545aea3c6a0b6eed3edc5","FERNADA BAAWUO",1,2023-07-27,"e262c5a6e0a1475ab41216426244d1d4"
"65109b30487340e5ae847f725a3b40ed",XFB00046301,"ff80818185862d780185862e0e790000","ROSE ASALIWE",1,2023-07-26,"641709b443e742328bdbc86636394ebb"
"65ba92fe3aed4c738545592c7339c26c",XFA00012401,"ff808181776405b1017771cd9e580007","LAARIBA AKANTURE",1,2023-07-25,"172ec4be792048f9adb81c712b67559c"
"65fea031458a45cb9980b6e2f6a7dd22",XCB00006502,"ff8081816ed1b7d6016ef991f10f0000","CHUM TECHI",1,2023-07-25,"2f93e3dc5aa84feea8e178f75a9df38d"
"66dd1a0fe67a41ef89c54728053cab32",XCA00084601,"d409828b026e42709d78320d7861457a","JOHN ASAANA",1,2023-07-23,"d90582e570a441fda165c6e38682d3a8"
"67530206296b4bccb3f9e9b3119113e3",BEA00002402,"ff808181776405b1017771cbc4020006","JAMES ANWULENAA",1,2023-07-26,"c35b260e2cbc4f9186f0eca767a7966d"
"6761593007d84610b4cae868ac8c8e42",XAA00111101,"c58987d6f9fe430889e8f0664001da35","IBRAHIM TACHIE",1,2023-07-22,"3d8973278ff941e8bb2658016662d4fa"
"676ae42f8c3e4ffab225d55c3aaed312",XNA00001701,"96a2c5f1c1d946b3b99b099d62f6f539","DORIS BAGYINE",1,2023-07-27,"9eb85d0a6f024943a7286ca8fc4760f2"
"67850353caa540fc96ca19a01f7d760d",BBI00204501,"ff8081817bb9fff3017bba8156d6000f","JAGRI EMMANUEL UBINDAM",1,2023-07-24,"fd69e42802d6494b9a8ef28110141da7"
"679233eae86144dbb3bc8f49c6e78aaf",XGA00010205,"dfcb66b9d0654634987960b288a8b57a","JANET MENSAH",1,2023-07-23,"ffe02c177bdb4664b81bdb8ff836e1fe"
"69136c84ab3b4f2eb088120ad070e39d",XKD00033302,"b13c08b5b20b4f77aa40a6455250b87b","MATHIAS TALAR",1,2023-07-25,"1a98b0819ee0466caef8922f68943cda"
"693a430eca664faab4404e8797849f9d",BBL00115501,"ff8081816de2d3e6016eb6925a8d003b","KABOTOR FATI",1,2023-07-24,"6f4d808b593c4509aaca5169c3607488"
"695d79ddc0fa46fd850021757eabcb18",XKB00067605,"ff8081816ed1b7d6016ef991f10f0000","JOSEPH OSEI KOFI",1,2023-09-05,"95f1c25075e34669bd1b60ec036f3a23"
"697d2823359449939251347b734b2fc8",XAA00007402,"0a779a5899394aa6be727575bb32142c","ANDOH CHRISTOPHER",1,2023-07-22,"a2578caa94574089ba832398c14c422e"
"6990ec0871634682825f5e517306cfaa",XCA00006102,"e4bce1e59c064bc18ab44a07f86048b5","ACHEAMPONG LUCA KADAADI",1,2023-07-27,"39cc1dbf08324fcdb551ac42d2b6bd63"
"69ca0ac7cf5e4a8cbac32695e9249e73",XJA00003002,"ff8081818119d07601812333b2320000","ABIBA FUSEINA",1,2023-07-25,"99b0f518403a49f1939c85acf3773a8d"
"69f02a4062bd4e4a996124e1a27b01b7",XNA00001501,"96a2c5f1c1d946b3b99b099d62f6f539","ALBERT YELYINAA",1,2023-07-26,"b7a36bbcb0324ab996e9002da43104b7"
"6a00295e174e42edb476c89ec270ec7a",TCA00002502,"ff8081817bb9fff3017bba8156d6000f","NAANANBEKINA NTAADIN",1,2023-07-24,"167ba6f59dfe4d19a2277e325bf94201"
"6a7b13ad8ef843dda77bf4519d294dbe",XKB00067604,"20f321c71f5c46a8a8f21347c223caa4","CYNTHIA WONTUO",1,2023-07-22,"304b5f9bb28442c58f7b16b04c2f9541"
"6aa293ab30c74621aac7dda1f06bd9ff",XKA00124802,"ff8081816de2d3e6016eb6776f28002d","BENJAMIN KWAKU DUAH",1,2023-07-25,"5ef84e022da545b3a8d1907a2c239b45"
"6caf673eb198430d8afca45f1613e861",XKB00159501,"c40bfedc3555431e838fbf8a5008284e","SAAKA ISAAH",1,2023-07-26,"a63b78e6185749abb61aa0c23bf02671"
"6d4384da9e0842d48812dd718dd80195",XNA00004602,"96a2c5f1c1d946b3b99b099d62f6f539","MATHEW NANGA",1,2023-07-25,"f7686e5e01754490aa54e2a538e7edd9"
"6e7128292f5c4e6a93def024cc9b613b",XFA00011702,"cd210b02ac0840af8b992144cb264d9b","YARO DAUDA",1,2023-07-23,"1ebe9b70a9c045a9b72633dd570514ad"
"6e761486148e45849069245f829cf35f",OPD00022702,"1aba86920a9346f4b4b9aabf1a15a1ad","ELIZABETH WIWILEASO",1,2023-07-27,"1e010d11f06b4aa3bcbeab9207703ec6"
"6e7889c391c442519c65dedfd49ec7fe",NRB00006001,"20f321c71f5c46a8a8f21347c223caa4","CHARLES PAE",1,2023-07-23,"1a5dd302ff8d42afb2f26c413e45f7f5"
"6ed0b449243b46a0ae36b1c97725e3e7",XDA00065601,"451a12e9cc68473686420c3866ca2070","JOSEPH DAMOAH",1,2023-07-23,"9d7bf05d9155457ea74658ef2bf2eb1c"
"6f88d19e6cf14fb9bd6da01fcc4304e3",XFA00040501,"ff8081816de2d3e6016eb300d286000b","AFIA REBECCA",1,2023-07-25,"a5c92e7c691d48f7acd613a07f27df5f"
"6fb2c86766fe4765b3bf2bd2e598b336",XAB00002801,"0a779a5899394aa6be727575bb32142c","OFUMAH ABENA",1,2023-07-23,"18455eefaa374bcd8a2a28db18e84712"
"6fb98c2d221a484d9b36148fb3f6cdba",BBL00014501,"ff8081816de2d3e6016eb6925a8d003b","KWAKU BOUR",1,2023-07-25,"e306e1e5e1aa4ddb882926c9111ae672"
"6fe3140093b240939a8d9d67ec60694b",XAA00155803,"ff80818169ff536c016a20c8e74732f7","KATERE AFIA SARAH",1,2023-07-23,"0e4473c8642d47c89d7626c83b385c40"
"705cdcebbc45464b8f1babdddfa0e48e",XAJ00036101,"0e887a73cd4545aea3c6a0b6eed3edc5","ALIJARA MUSAH",1,2023-07-26,"12f1c865b9b742ca9b36a0207c6c7d80"
"709ffc34aef94821b7dbdc289cce0b9e",XDA00077002,"ff8081816ed1b7d6016ef991f10f0000","BASIT YAHAYA",1,2023-09-06,"6ff7284788e24e1fb1a4a96661af3904"
"70f9fecb81e441ae9b0d02c823b1b008",BBL00193601,"ff8081816de2d3e6016eb6925a8d003b","YAHAYA ABDULAI",1,2023-07-24,"43d23f0ed5c3474d8a9c2626e8e0e64f"
"716caf0574984385b761a67d4f639508",XAA00006502,"0a779a5899394aa6be727575bb32142c","KWARTENG AKWASI",1,2023-07-22,"fd7e92388a954162934bc9aff1990def"
"71b35cce5c9a4aab830edb372121c955",XCA00007401,"e4bce1e59c064bc18ab44a07f86048b5","MARIAMA ABDULAI",1,2023-07-26,"f7f1ad6de2a14ff6958c2890c1ecd81c"
"71fa78f73ddf428ca3e4339197c738c1",XCA00093704,"e4bce1e59c064bc18ab44a07f86048b5","ISAAC KOJO ADOM",1,2023-07-26,"4125693a4fd6480c8339b52ec73d6632"
"7360181b4aee4d3bb2f3489093523525",SUC00016801,"ff8081816de2d3e6016eb6925a8d003b","ADAMA ISSAKA",1,2023-07-26,"b174dde744f24e2d9911520e810d6748"
"73e78f9d32334570a0db3ef6a6862b98",XAA00139801,"ff8081816ed1b7d6016ef991f10f0000","KYEKYEKU VIDA",1,2023-07-22,"635237c54c0945e18e2fc1143065e42d"
"74082e396a2b4c49b20771f4c3f77e97",XDA00000502,"ff8081816ed1b7d6016ef991f10f0000","PATO OSEI",1,2023-09-01,"dc0c1f0d63ea4e179aba1cc945c97f86"
"744a96fa29854a9e92bea66815b9edbc",XFA00010301,"ff808181776405b1017771c0ff1c0002","AGANTIM AWUNGRE",1,2023-07-24,"e5fc5c21172244a3b189bf553dc9280c"
"7565b3d437df402883f0b91c1f3fcde2",XFB00000604,"ff80818185862d780185862e0e790000","RICHARD SAMBA",1,2023-07-26,"7e3fda33ceff4e78b08819c0871dbb86"
"758047c8e41e471fb2bf127b6db2932f",XGA00018101,"10c305b629c24a54b110d92fce9fef70","JAMES TETTEH",1,2023-07-22,"1f493a1a8a1342d092794443f29e4edc"
"75aab998059b4aeebca6cd919c166ae4",XCA00093703,"e4bce1e59c064bc18ab44a07f86048b5","JANET LAMBROM",1,2023-07-26,"0c88feb8dc7a46bca74778c9d96731a9"
"75d9e12f0239441588934c24e1ecebd6",XDA00001701,"ff8081816ed1b7d6016ef991f10f0000","GANEW ADAMS",1,2023-09-08,"61786135d55742de88812feca6a779ac"
"75e6403137684cf295a4606c28e0cd17",XCB00008702,"ff80818170e9cd1c01711c4d705f184c","AKUA ODARTEY",1,2023-07-27,"8aeade5fca024d76804f852613655f90"
"7613d6f8e17645a0b2c7786a4fdd4a9b",XAJ00036201,"0e887a73cd4545aea3c6a0b6eed3edc5","ROBERT KWASI",1,2023-07-26,"0be27d6ada724e68911090f8fef78e85"
"76a9437a0b764e828bc6194516adb0da",XAJ00037403,"0e887a73cd4545aea3c6a0b6eed3edc5","GLINDO GULPAHKA",1,2023-07-27,"7df715b8a0944d5196a88574d2d70b75"
"771aa6f38cc14d74b92edfbd7b6b4ed8",XDA00001801,"0270ece3c09c457e95ecdd9cfe47458d","CECILIA SERWAA",1,2023-07-25,"b03faa7a98304a3e912f2bc3d48feeea"
"773b50a3a51e4fb699e51121c0279557",XAJ00037201,"0e887a73cd4545aea3c6a0b6eed3edc5","HABIBA NICKLAR SALIFU",1,2023-07-26,"cc57a52110384df68d1c71e4753fd1f5"
"7835bcc26f5440e69f95470ebbc0bcb3",XFC00064702,"ff808181776405b1017771c0ff1c0002","AMIDU IBRAHIM",1,2023-07-24,"b24abfa7f5c34d0f8c680558c4a5dd2a"
"7852bd0e631d453abee02e0d436303d5",XCA00007402,"e4bce1e59c064bc18ab44a07f86048b5","SAMANI SALIA",1,2023-07-26,"64f6bb12a48d42448f248c531a573234"
"797679495e534dbb84d924c762913a29",XGA00016802,"10c305b629c24a54b110d92fce9fef70","COMFORT OSEI",1,2023-07-22,"69c20436336e4210b07289b561f171a9"
"79b3174f74834778bfd6873e39455b59",XDB00000201,"ff808181547ae7c701547b78c1150012","RICHARD APRE",1,2024-01-24,"27614c6fe29846ed9870a75b4e6eb7a0"
"79c0a1af16304eceb7a30f09dd6d10a0",XAA00005301,"0a779a5899394aa6be727575bb32142c","DAWONA ELIZABETH",1,2023-07-22,"407d22fdb0b847f79f4d0d7b4d43e087"
"7a8d83806774454db04970ed31612e70",XKB00068103,"20f321c71f5c46a8a8f21347c223caa4","IBRAHIM FAZIA KINTOR",1,2023-07-21,"cefa98e313ad476bb583d5870cfe1ede"
"7c24c81854654b1ca13ba700f526e28b",XAQ00036601,"ff8081817a097f60017a1fc61b860000","FRANCIS ZENPEN",1,2023-07-27,"7acf5a852a1045e99edc911eef495d7f"
"7d3e5088a5114b2a8cfd61ed7e211483",XCD00017201,"ff808181776405b1017771cd9e580007","JAMES KUMBOUR",1,2023-07-26,"c617de7ae9b34fd884b0e4ffc0ffe0f4"
"7d5a9ebde76745c093d15d677239a87b",XFB00001701,"ff80818185862d780185862e0e790000","COMFORT DERY",1,2023-07-27,"6d14e059df3e4ddf883d4e10c0a416a1"
"7e5673dddddb4dd2b2c30b13778ed19d",XFA00061001,"ff8081816de2d3e6016eb300d286000b","AMPARAH THOMAS DORNAWAH",1,2023-07-24,"8215b42c35de42a2b85e07d99c1ada52"
"7f66574a3bd24d328d8197afbff8d4f7",XFA00008901,"cd210b02ac0840af8b992144cb264d9b","KIBOBI ASIBE",1,2023-07-22,"838975c30f28490aab46fceb734f6fc5"
"7fff59e1a85d410795fd17f63b30fb6e",BBL00015501,"ff8081816de2d3e6016eb6925a8d003b","JANET DABOU",1,2023-07-24,"ba41d6beec10409aa5331bffa7c9203f"
"80f12ececf70472cb6d757f887f6159a",NRB00010201,"20f321c71f5c46a8a8f21347c223caa4","AFUA NOMOA",1,2023-07-23,"8f18829007b84e7e943575dedcf43251"
"811178811b794de8b85b24be145d28cc",OPD00022703,"1aba86920a9346f4b4b9aabf1a15a1ad","TIMOTHY TISEL",1,2023-07-27,"31a8a397b43b439baf13745037f19f49"
"8124e4a572b44ca39a7917f661cd5a54",XCJ00079202,"ff8081817bb9fff3017bba7c9ee60005","SEIDU AMADU",1,2023-07-25,"b9991c0df5844bf1991eb09a012298ac"
"82c3d98174674a028090e0475b791590",XFD00045501,"ff80818170e9cd1c01711c4d705f184c","EMMANUEL KYEI BOAKYE",1,2023-07-27,"f3728c9315c04dfeaaf5a3d25487245c"
"82c90e8e4850464db512292dc5610edf",BEA00002902,"ff808181776405b1017771cbc4020006","DESMIND KUUBATUONAA",1,2023-07-26,"9e39da595a8e4149a586de2b0437d0a9"
"82ce6fa55e4e4a6b9a97770592d19cbe",XGA00009304,"dfcb66b9d0654634987960b288a8b57a","OLIVIA SERWAA",1,2023-07-22,"5f4dd9932e90446394edb107582301ae"
"82fcc540577c4fa6b1f4ffa33044530e",XAJ00036402,"0e887a73cd4545aea3c6a0b6eed3edc5","ANGELA JORBOR",1,2023-07-27,"0fa109b6141547089b6175dcb501c694"
"831c23dc79ad4fd7be3606cb71a0e79f",XGC00019301,"ff80818170e9cd1c01711c4d705f184c","JOYCE AMPONSAH",1,2023-07-27,"8d7f3ca1be3146caa50e99a9b531b309"
"83b3944f0b314dff86d4bd15427d20b9",XKA00174201,"b13c08b5b20b4f77aa40a6455250b87b","KWAKU GYABUNI",1,2023-07-25,"37433c93a19446198b80cf1e159b4aea"
"83f055607096422c96d36899ef2cf7f5",XGA00007201,"ff8081816de2d3e6016eb699922a0040","COLMAN ESTHER",1,2023-07-26,"1dd1cdc889084043b85b3b22eab1691f"
"85bc4547846e4a279fe5443c927a363b",XFE00015401,"ff808181776405b1017771c39e840003","RASHID NSOR",1,2023-07-25,"6d582c0ccbbc4c1e975c48350cf8a103"
"86bbdaf2013644cd9a8372d502f0e3ec",XDA00069101,"05cac7d6a52348469c73b0d2dfa165cd","SAMUEL SANSAH SULLEY",1,2023-07-22,"34f122f2c9f74a1ea837399a71658d13"
"8744a33238f34269855280bb8ffa15ff",XKA00133901,"b13c08b5b20b4f77aa40a6455250b87b","MATHIAS TALAR",1,2023-07-25,"1a98b0819ee0466caef8922f68943cda"
"877328b18d7340268bb03e515971903f",XJA00049001,"ff8081816de2d3e6016eb66ea17e0028","TIJANI AHMED",1,2023-07-22,"0c869cfca9b94544bf3362e86166ec57"
"878e95eaf4c74e37946b415084569b43",XGA00018103,"10c305b629c24a54b110d92fce9fef70","YEBOAA GLADYS",1,2023-07-22,"c119e42af4fa4f02bc2175f0089f0ded"
"879a9cc318a54171868505f17e31efa1",XFB00010201,"ff808181776405b1017771c0ff1c0002","NGANDE GYEYAM",1,2023-07-24,"88d515382f5c4625abcdf23caab0d66a"
"883be7d1f1a84f77a86b8cab8673ee89",XKA00166801,"ff8081816de2d3e6016eb6776f28002d","ESTHER NUM",1,2023-07-25,"54686082f434447d9a6ccd64a5ea831b"
"885391c9b3084639884eba4763107d03",XLA00004901,"c40bfedc3555431e838fbf8a5008284e","ELIZABETH DUAKO",1,2023-07-27,"13ca631c87664fc694e3c8cddea5f72a"
"888cf98e11ed4457a0ce2d82d7390ee9",XBD00024203,"ff8081817537b60e0175dc0c06b70000","NUHU SHIEMO",1,2023-07-26,"e9447b59d29f4694a2a8f43d98b247c0"
"88ee0e7f82f6497589c0ae3bdec20938",XCA00063103,"87b9b1349cb7466792c5382c56c60aeb","RUBBEN ADOLLA",1,2023-07-27,"3effa14c422a46d192ce7f79f497a05b"
"89a5d72e860d42eca4764dba0349d3ab",XFA00042902,"ff8081816de2d3e6016eb300d286000b","ERNESTINA YELEWAGANA",1,2023-07-25,"9b3d9b4ecf1449089b23463dc027a525"
"8a325e9dac564b59965acdadefb8177a",XAJ00037301,"0e887a73cd4545aea3c6a0b6eed3edc5","YAKUBU AKAABRE",1,2023-07-26,"e7e967cd162b43b4a5f6a987ac7cc0dc"
"8a943cdbd4f543cfbd1395aaa5896a60",XAQ00091802,"ff8081817a097f60017a1fc61b860000","MARIAM ADAMS",1,2023-07-27,"8a783bcc4bc845e395298281579a378a"
"8ab132ecdc6a499fadc31b15e4cef3fa",XHC00001104,"eb00d24084df4b4fa851a0432910d7d3","ADWOA AGYEIWAA",1,2023-07-26,"0d47d0086d1342ab8cc82c90cbdef984"
"8acc8b4d928e4b44bdfe41e4b9955486",XLA00011301,"b13c08b5b20b4f77aa40a6455250b87b","ABDUL RAHIM IBRAHIM",1,2023-07-25,"42ff915d60074bd0a4b8c2b46ee1a9d1"
"8b8cdbee2a0748ff99da625e19f5f321",XAA00073901,"ff80818169ff536c016a20c8e74732f7","AGYEMANG ELLEN SERWAA",1,2023-07-22,"4c89a44e8c5049c0a9ba4cf06075762a"
"8ba6d66282f54612b48e0ad50311e145",XDA00000501,"ff808181547ae7c701547b78c1150012","PATO OSEI",1,2024-01-23,"dc0c1f0d63ea4e179aba1cc945c97f86"
"8c5564fdeccc4a8d8ce226de1790e436",XCA00021001,"ff8081817a99e133017ac8a81f6a0000","SAMUEL SARFO",1,2023-07-25,"25c13bcc86674620b10802d321168a2b"
"8dbbd2121d4344519a416f5578ba7584",BBI00201402,"ff8081817bb9fff3017bba8156d6000f","ABIGAIL ADWOA",1,2023-07-23,"2fb48cb054504bd0b5b6342911b52176"
"8e26502dd5224d829f005fd72a76471a",OPC00017002,"8b4836ae9797493cbd1e4652c1fa976d","YEBOAH SAMUEL",1,2023-07-22,"6d36be67f6ac4bd2b12e86d027d774e5"
"8e34dfa206a8490c8248793bb24c7876",XKB00068104,"20f321c71f5c46a8a8f21347c223caa4","ESTHER DONKOR SOMTONO",1,2023-07-21,"57aa203a29f8478eafb340d56cc48729"
"8e88a363463f4661950f2c27f380ece9",XFA00025701,"87b9b1349cb7466792c5382c56c60aeb","AGARTH APPIAH",1,2023-07-24,"fa467adef2ad41f09c0d0ddd3e92a15a"
"8e8d79a449aa4ce3a92d1f884646e419",XHC00001101,"eb00d24084df4b4fa851a0432910d7d3","FELIX BOAKYE",1,2023-07-26,"7caef8e9ac5f4595bc5698095721ad9f"
"8e8f98f4bedd4f69b7026b07eeda9297",XFA00008803,"0b6f4141b0a64d42a0065c6b362c2603","DERY RITAP",1,2023-07-22,"6ccd487c763a434ab6e9c8ea961ce433"
"8e90a8fc019047ec9640c4173f4380e3",XFB00000705,"ff80818185862d780185862e0e790000","EMELIA ASANTEWAA",1,2023-07-26,"7d973c18735148b7873682d920f687ec"
"8fbc82c31d8349deb79e1610d5e815b3",XJA00023301,"ff8081816de2d3e6016eb66ea17e0028","COMFORTGHA-726894861-5 AVA",1,2023-07-22,"523c2ea8860a4c0484c173bac017a175"
"8fdf6cca93ec41ba980ac57e7d415626",XCJ00028201,"ff808181729dd3f10172a7d1f0c70001","PATRICK LARTEY",1,2023-07-26,"2d25893899bd404185dc2c4f8fb24d8e"
"90359f2ff7954e2bb38cd3b55fb85813",XCA00083603,"e4bce1e59c064bc18ab44a07f86048b5","MOHAMMED DIKO",1,2023-07-27,"a01802b6fd8448b781e4188aa7b6fc30"
"90376eb90cd646d29b16bd3fe10a19dd",XFA00008401,"0b6f4141b0a64d42a0065c6b362c2603","AFOSAA AKOSUA",1,2023-07-22,"9604119b12c44c9fb87d407c533eaaf7"
"9051accd634b47d89e96034c288f78d9",XDA00000905,"ff8081816ed1b7d6016ef991f10f0000","PHILOMENA DAMOAH",1,2023-09-08,"64245f6fa2be4d309f9e76b55dbb227d"
"90a74672772b45a1a973236d26d5b8a8",XCA00060801,"ff8081816ed1b7d6016ef991f10f0000","ABENA OSEI",1,2023-09-08,"119d485462e448c999464ce90ad04e2c"
"90d0d2e8e3f146a4b3c9f2d92b5ce0b2",XDA000505,"ff8081816ed1b7d6016ef991f10f0000","KWAKU MENSAH",1,2024-08-14,"ee3dc109821d46968daaaaa12a87a89e"
"90fa792d8b43425eb48b6f43a17d9c41",XJE00027001,"ff8081816de2d3e6016eb656af760022","NUHU FATI",1,2023-07-24,"275ce1a206d648989e5f98a71584ecc3"
"91bbf3ed7be1440eb59a5b465e9a17f5",XAB00003401,"0a779a5899394aa6be727575bb32142c","MARGRET TAWIA",1,2023-07-23,"f2902472a6f7409b9605e8c9c7f7a355"
"929e38981d96434398ef7d074bb08c33",XBE00019703,"ff8081816de2d3e6016eb2f959ed0009","ABREWA KUMMOJA",1,2023-07-26,"b69393e87fd1465f8cfda550ea1d65d7"
"92cfbd6718534c799be385561cf46063",XFA00035001,"4ebeb6934e3e4df3998f37333fc7f30d","SERWAA AKOSUA",1,2023-07-24,"42f565d4ce624b79b4bf53183a09f3d6"
"92fa304662fb4e7785f5d8912ae94cee",XFA00016201,"ff808181776405b1017771c39e840003","JOHN DUUT",1,2023-07-26,"1911f60f67c341229918fcc1496e3550"
"93e7a8f4350643e1bd4057047eb2bb06",XGA00007101,"ff8081816de2d3e6016eb699922a0040","PRINCE OPOKU",1,2023-07-26,"7172e326e5db456b848f9429b870cb42"
"9521f0dd92374a4a810ef7acaa24fc58",XCA00084603,"d409828b026e42709d78320d7861457a","LILY APPIAH",1,2023-07-23,"d83ef678b44743cfbf688411c0df902a"
"9526973af82c492e85545e84b5073d3b",XKB00067702,"20f321c71f5c46a8a8f21347c223caa4","AMINA ABDUL-RAHIM",1,2023-07-22,"8a9199d99426473b8ce23db3887818ab"
"95b6a09fec02449e90cdb468f46ca551",BEB00007001,"ff808181776405b1017771cbc4020006","ZENABU ABU",1,2023-07-27,"5bb2d64c41a543e4b3f8b626ec5cea39"
"95eff8b7d8bc4eccb2d1d7ec9f53eae5",XFA00010303,"ff808181776405b1017771c0ff1c0002","AKANLIREKE ATINTONO",1,2023-07-24,"225fc693510c46e3a56a6182f54e6a9e"
"95feab3bcd7e4c8d9d7298d9a64fc023",XAA00178201,"ff80818169ff536c016a20c8e74732f7","KONADU HELINA",1,2023-07-22,"cd1175fde048494fa8e862fe4b9ec996"
"96c51cd687b64808ad2b61fe0a001350",XFA00045801,"ff80818185862d780185862e0e790000","SAMUEL ADAMBA",1,2023-07-26,"f915fbbaa01641a4acefce45f9009024"
"9807052b54ee4bb3b34b4e9b1b3ba774",XDA00009001,"05cac7d6a52348469c73b0d2dfa165cd","ELLEN ADUBEA",1,2023-07-22,"5229c640b8ea449dbe16971cd95fe1a6"
"980784086c5b4dcda17be520b34879ce",XDA00004402,"451a12e9cc68473686420c3866ca2070","YAA ADUBEA",1,2023-07-23,"7fecd445fbf649289b7ce0b032e9caf7"
"9830b0fcf7b8495c97ee3d4b0e3dbeaf",XGA00007104,"ff8081816de2d3e6016eb699922a0040","GLORIA MENSAH APPIAH",1,2023-07-26,"8d5600766656403f911d4bed4cb993e3"
"9894a5fbd95c48caa597dad00c38fc3d",XAJ00142401,"0e887a73cd4545aea3c6a0b6eed3edc5","VARAYAANES BAYUO",1,2023-07-27,"41b061c46c454955877f7da7227ffe07"
"98eb8aada28b4d3aa1f46b9269aa868a",XFA00011301,"ff80818185862d780185862e0e790000","FELICIA AMISAH",1,2023-07-23,"6e6689d161514b3a913c91b466b7e578"
"98f5a447fda44d789d73c5ceb63e6248",BBI00204701,"ff8081817bb9fff3017bba8156d6000f","YAJABAA TIFU",1,2023-07-23,"2f74998ed5644864bc98409fdf8edc1e"
"99fdc5249fd14a0c9d9cb844c1f4730e",XFB00036401,"87b9b1349cb7466792c5382c56c60aeb","AMA BADA",1,2023-07-25,"882cf0be590e42e096fe97675f6caa75"
"9a4b892ddd7344b5beacec5d2e523f5c",XDA00002201,"05cac7d6a52348469c73b0d2dfa165cd","SAMUEL GYASI KWADWO",1,2023-07-22,"67788d33bdce4fb1a95b8db9ec577013"
"9ad14f2f1e3142aeb4424073ad345de8",XAJ00037001,"0e887a73cd4545aea3c6a0b6eed3edc5","ESTHER DIGBANG",1,2023-07-27,"08e3266c859b4b75b5366d504f55b9cb"
"9b0bdeaebe5f49a999f98bac6211968e",NZC00020501,"ff80818169ff536c016a2099873632dd","ABDUL RAZAK MOHAMMED",1,2023-07-24,"cea4aedaddf5487ba8a7331bb783b39a"
"9b8b6e9611f14d72b8266ab389c4a131",XKA00137401,"df23dbb9eb3e442ea511e2798ef80500","BADU EVANS",1,2023-07-24,"e39577f9ac7345a98a1ef6b1e54a5dce"
"9c204f1a3ce44c30820e05c721db91f1",XFA00042101,"ff8081816de2d3e6016eb300d286000b","BABA SEIDU ADAMU",1,2023-07-25,"115eb3bb3a874d48a1c48f39e52c058c"
"9c9608b5154f4e50a19c99bc4a436860",XGA00007107,"ff8081816de2d3e6016eb699922a0040","COMFORT BOAHEMAA",1,2023-07-26,"54cc89dd33a4411db2973fe28829b034"
"9cb9edb651384760baec7fa18fb036fc",XCC00013501,"ff8081816de2d3e6016eb313e1d20011","DORIS TAWIAH",1,2023-07-27,"c240518947b241b298adeb4fc0e07866"
"9d02c1bb59144544a1f91e3763994620",XFB00000701,"ff80818185862d780185862e0e790000","SHARIFA ALI",1,2023-07-26,"3e27ee17637d4c55aaadded562a016e0"
"9db3689aeea74f8691c51e3528ce2e99",XFA00061101,"ff8081816de2d3e6016eb300d286000b","ZAKARIA BAAPOKYIE ISSAHAQ",1,2023-07-25,"84b94ad169ee48ac9d536f7f7915abb7"
"9df80227a681495ca04204b16a3ce05f",XFB00007901,"ff80818185862d780185862e0e790000","NAFISA AWUDU",1,2023-07-27,"405ff32eddc945bd99e539c56e7aebd8"
"9e88f21e4c874f07aeeb02de4a6e71f1",OPA00096101,"0cd37c782a464f49a3ab71579ba967a1","DIANA AGYAPOMAA",1,2023-07-22,"c499d24b0355453b8fabb9b6999958da"
"9f720e50da2944ccb076eb55f710e37c",NRB00005701,"20f321c71f5c46a8a8f21347c223caa4","AMA NYAME",1,2023-07-23,"9d404b7fdf2d4e488177c06dfdc1f9ad"
"9f7acc63682049b9b582e5da53ebec1e",XFA00011401,"0b6f4141b0a64d42a0065c6b362c2603","MAHAMA FULERA",1,2023-07-23,"6f66fb0bb69e433a8d709da0f16354ff"
"9faf77e142da4117872888faa39932a7",XDA00002701,"05cac7d6a52348469c73b0d2dfa165cd","FREMAH MARY",1,2023-07-22,"9eb544c05e6a4c48a705928c8458d5b1"
"9fd3b16f08994a3584b572cdadc28cda",XCA00074101,"d409828b026e42709d78320d7861457a","ROSINA YAKUBU",1,2023-07-23,"35e1f66ecbf6430a957f291e26812256"
"9ff7075fa3934fb883741894eef79cdb",XFA00005202,"6610fa5839174b93a314a080c83bff7c","KWAME TAKYI",1,2023-07-22,"89aa4d06dc4b440a8ba2086658653ed9"
"a00ca7fb02a24265881704412f839ea4",XJA00017301,"ff8081816de2d3e6016eb66ea17e0028","AJARA MAHMUD",1,2023-07-23,"07a9e9bb15024561b33dbba4da49b114"
"a09e8ab0452b40cd97366758f8f263e8",XBE00019802,"ff8081816de2d3e6016eb2f959ed0009","AKWASI JAYON",1,2023-07-26,"e91dc04a423b4e61a2860f83d8fcdae1"
"a108ca6df83547f8bf7d773c064ca30f",XFD00083602,"10c305b629c24a54b110d92fce9fef70","AMA LETICIA",1,2023-07-23,"0e57c12b52ab4e5593e4ee2222ef3084"
"a17d5084d961450a8bb1b11d57c65774",XAA00068502,"c58987d6f9fe430889e8f0664001da35","ASANA IDDRISU",1,2023-07-22,"ee06e91749804a7a9f7a7158d64a8498"
"a196e14ca9074fbcad7ff41cf8951989",BEA00003401,"ff808181776405b1017771cbc4020006","MAANA ABENA",1,2023-07-26,"61017b5598db48b8bd00e7213f1a63ce"
"a22b3e6ac99545a287404f1e2df0e3d5",XAA00187102,"ff808181729dd3f10172a7d050e30000","NJINGURBI NANINJA",1,2023-07-26,"060ed71e260d4d78ae66da720dfd3b71"
"a2b5c53dda6d49deb1b61a60f69fbf2a",XJA00003305,"ff8081818119d07601812333b2320000","HUSEINI ABDUL MANAF",1,2023-07-24,"40d7b52e0d5b44499703603dcb33a68d"
"a2eb8d97ea0f4e5cbb8974bd7542dbec",XAA00006302,"0a779a5899394aa6be727575bb32142c","EVANS OSEI",1,2023-07-22,"016a82b8405c4319b68c52cf5e453ba4"
"a35ce016709e46efb5c680357ec8aac8",XAA00068501,"c58987d6f9fe430889e8f0664001da35","DEBORAH OKRAH",1,2023-07-22,"649a615ff6054b3492d347dc9d66af38"
"a3986f76c1964a70b0f018816a2ce16c",XKB00068105,"20f321c71f5c46a8a8f21347c223caa4","JANET KAMEIRI",1,2023-07-21,"97ad605a1f734493b648c8b2acc7c34f"
"a3b4ffeb51cd4e33aca39a1516ca9cba",XGA00010201,"dfcb66b9d0654634987960b288a8b57a","AKOSUA AMOATEMAA",1,2023-07-22,"df0879b73a9a4498809f2209342bff46"
"a43741f71e3a4e47a9ea40399c9f5297",XFC00036001,"87b9b1349cb7466792c5382c56c60aeb","VICTORIA AYIDADA",1,2023-07-27,"6e5b93a938c349cab402b9d97e3075c7"
"a48bb5892e2644b49639d14a131cb2ee",XFA00062001,"ff8081816de2d3e6016eb300d286000b","MARIA SULE",1,2023-07-25,"fb17cde0cac643caa0f1c9f07adebc6d"
"a53f9d23c910402fb52abb4be6bc5fa9",SUC00015802,"ff8081816de2d3e6016eb6925a8d003b","ALI IBRAHIM",1,2023-07-27,"e298719ffe2442b5aeacb8b0e7df0463"
"a57698738840437fa66e64ead574e3d7",OPD00022701,"1aba86920a9346f4b4b9aabf1a15a1ad","FAUSTINA DAMOAH",1,2023-07-27,"65032aa3f466463697ed589d8f4c6f80"
"a5a59a513b2640e5ba86c999d434df32",NRB00001802,"20f321c71f5c46a8a8f21347c223caa4","SETH ATAMENCHEE ADJEI",1,2023-07-23,"05acbfff8a744e858c68d357b30b8491"
"a676394dea6f461a80128de92c9cc4ce",XDA00000904,"ff8081816ed1b7d6016ef991f10f0000","AMA FABEA",1,2023-09-07,"dccadf12834f4b2898949ed3e4c1c2d6"
"a692d75201b74460931422916b2816e0",XLA00004803,"c40bfedc3555431e838fbf8a5008284e","UMMU MUSAH",1,2023-07-26,"bb37a659b75f4c308e37ca175943ce59"
"a77ca9243fec4d2b85c117a3eda4d991",XDA00004301,"451a12e9cc68473686420c3866ca2070","ERIC TWUM",1,2023-07-23,"b4ef141aa5124f2fbf3a653d1160ce75"
"a81ccbc4a67a40be8d82217cde92aef4",XAJ00037102,"0e887a73cd4545aea3c6a0b6eed3edc5","TAWIAH NAAKO",1,2023-07-26,"80dd60df9e4c411abf8aebe6a2577106"
"a86e228409084a80aff41f5b676e8f99",OPA00096102,"0cd37c782a464f49a3ab71579ba967a1","FAUSTINA ABENA",1,2023-07-22,"2cd4906ab2814f0093325bbc91e780d4"
"a9369728f0464e1ebc42563efe2efe0f",XCA00006701,"e4bce1e59c064bc18ab44a07f86048b5","MOSES MELLIE",1,2023-07-26,"8c5a4e3aa4974bdfaa7fa11fd5a4cf8b"
"a9999798bda0452eba74878073d87d73",XJA00003304,"ff8081818119d07601812333b2320000","ABDULAI IDRUSU",1,2023-07-24,"8cdbd7068e46438dab347a8f652cce1c"
"a99e7073ee5a4e7ca39166a57238d08b",XKA00052901,"ff8081816de2d3e6016eb6776f28002d","SAMPSON BOMFEH",1,2023-07-24,"7fa33cf843834d51a23b4c7d6562a5de"
"aa3b2867e5b5471a9ccfd055122d7b2c",BBI00002801,"ff8081817bb9fff3017bba8156d6000f","SULOGE NTEBE",1,2023-07-24,"01ff13f2e4cc488daab6f7c51aa00a0c"
"aa719b1376824715a2303fc390802aef",XFA00025702,"87b9b1349cb7466792c5382c56c60aeb","PRINCILA APPIAH",1,2023-07-24,"02a4e6d1273b4b00a1aa5b55d0e7ca6a"
"aa7afe94c4af45949553618a533c8f93",XBD00024202,"ff8081817537b60e0175dc0c06b70000","WISDOM BAAMANDOO",1,2023-07-26,"30e8573ec86346d499a66ba2f8518172"
"aac8cafce59a4b3ebb17b90d3480023e",XFC00012303,"ff8081817a99e133017ac8a81f6a0000","VERONICA AKANSI",1,2023-07-24,"3d984599f3b94811802f540bebaf84c9"
"ab052b931b30416b85603879f47c7ab6",XDA00062502,"ff8081816de2d3e6016eb64f988c001f","ISHA MUTALA",1,2023-07-22,"1c7fe62e65244cdea8c6869144dc7367"
"ac4273c8cb6a4018a5b0377877d80fbd",BEB00005602,"ff808181776405b1017771cbc4020006","KADIJA ABUBAKARI",1,2023-07-27,"33270673c7724c16b170946b753329ec"
"ac826d3740f2414a8132aff59c568b1b",XAA00144302,"ff808181729dd3f10172a7d050e30000","MATHIAS ATUOYIRE",1,2023-07-23,"4c3f96e1384b4df3bf71dcac36434fc9"
"aca01c92d418492692d603d0356e6945",XCA00093701,"e4bce1e59c064bc18ab44a07f86048b5","AGNES FOSUAA",1,2023-07-26,"22f11666492e4131802b3bfafe8ac7c8"
"aca7dbcaa92743b3aa3b2ef438d2d223",XAJ00037501,"0e887a73cd4545aea3c6a0b6eed3edc5","KWAME ANKOMAH",1,2023-07-27,"5d20e9e0f4a541e98d3bd6acbcfbb4e2"
"acca9efd18e641de9b8469c7d583a6c1",XLB00011601,"ff8081816de2d3e6016eb306d5e9000d","EMILIA ADDO",1,2023-07-25,"166716d44b04436f9449cb2fb00c38b4"
"ace87071cdf44944970ec7e30a924b20",XJA00001701,"0270ece3c09c457e95ecdd9cfe47458d","HELENA PESAAH BAFFOE",1,2023-07-24,"b0d5216dce7048a79228f9b3c1afb7a7"
"ad1ebed51f5546cc8d8a3116d87b8cad",XDA00004403,"451a12e9cc68473686420c3866ca2070","HELLINA MANU",1,2023-07-23,"667c15407e4f48d6a1d2b62c7c349c06"
"ad5c1729364447de9e50a3c2a75c4bbf",XFD00083601,"10c305b629c24a54b110d92fce9fef70","AMA LETICIA",1,2023-07-23,"0e57c12b52ab4e5593e4ee2222ef3084"
"ad67d8a38bfa48f883dd051e1f23ce52",NRB00005601,"20f321c71f5c46a8a8f21347c223caa4","BARNABAS KWAME",1,2023-07-23,"3ce6af3655b349ce8c530236e134a4a6"
"ad8b28312e0c4f5da828f8d9dffaa767",NTA00062101,"ff8081816de2d3e6016eb699922a0040","FRANCIS YOULBAA",1,2023-07-27,"139f19b5383a4916978b886c15048add"
"add4c6ebefdb48548c69257cf09e8166",XDA00002301,"ff8081816ed1b7d6016ef991f10f0000","AMA BEMA",1,2023-07-25,"38fa6bbdee6c4947a1337dcb582b8032"
"ade31a543b0d4646a8e87fdd8deed00f",XGA00018202,"10c305b629c24a54b110d92fce9fef70","FRANCIS ADAMA",1,2023-07-23,"e419e6f0f25a483ebe834b6a9a75c150"
"ae18f8c043284a89a6eb757d447a8067",XAA00006701,"0a779a5899394aa6be727575bb32142c","ABENA JANET",1,2023-07-22,"3d6757294cb94f59a7f7b8ad69c6e36e"
"aef22cb827b84a9a8c71d1a2a327a55a",NTA00068601,"ff8081816de2d3e6016eb699922a0040","EVANS BAKYE",1,2023-07-27,"c7b8029e55ce4632982e18d38a6c2e25"
"af8a030eb02a48f58355d7f381a74a40",XDB00011103,"ff808181547ae7c701547b78c1150012","ISAAC GYIMAH",1,2024-01-24,"444f9b16f6c0465780bbb77d704d1c98"
"b01bd1c9b4574bfb81c9f64bca8809dd",XCA00084602,"d409828b026e42709d78320d7861457a","JOANA BIPOUH NADOR",1,2023-07-23,"5f210bc99e7342979b0649f409a638d2"
"b034490609544a078761da84c2867043",XBE00021701,"ff8081816de2d3e6016eb2f959ed0009","DAMOAH CHARLES",1,2023-07-27,"c43deaadc8bf420fbde30b34ae8bc222"
"b0d142b1768b456a8f7674974b88989e",OJA00001302,"ff8081816ed1b7d6016ef991f10f0000","KWAKU ADU",1,2023-09-07,"10d12e14b52d40feb202d5b058366ce9"
"b10714e17f584fa3b5fa12457d4afa71",XJA00002901,"ff8081818119d07601812333b2320000","YAKUBU ALIMA",1,2023-07-25,"01790086fa244bbebed3dec30240523a"
"b19004fe64db4fe794425c6e4e8d53e1",XAA00158001,"eb17cafc449741329d45c90674390c2d","ANITA NYINDAM",1,2023-07-26,"acc0dbd761394b2d9f4a28591d398bc3"
"b2654ead3ef0476687f8fc58398ba95c",OJA00001001,"ff8081816ed1b7d6016ef991f10f0000","KWAKU OFORI",1,2023-09-07,"c9e35191d2154782bae6a5c32531c20b"
"b2971bd2c91f45a290479f9c97c99129",XDA00000503,"ff8081816ed1b7d6016ef991f10f0000","AMA YEBOAH",1,2023-09-08,"7102bcde40d64edda6f37946f939acc9"
"b2998ab458ef4563b32dcb850d8270c3",BBL00014702,"ff8081816de2d3e6016eb6925a8d003b","ALIDU RAMATU",1,2023-07-24,"4558b160bf7c41b4a6b68f0675c75cb1"
"b334b96028d44d65ba08b8db94574a08",XDA00062503,"ff8081816de2d3e6016eb64f988c001f","OSEI CHARLES",1,2023-07-22,"398403aa722c4b4aa95d4ea9c396b73c"
"b3f37b9796fc4df0a07c1875365cb633",XAA00156001,"eb17cafc449741329d45c90674390c2d","DOTI NIMDALI",1,2023-07-26,"b0fb27111f304c8cb51dda96b5a0eeb2"
"b42ee72f72b44016a56dc96066b1f67d",XFA00043101,"ff8081816de2d3e6016eb300d286000b","AYISHETU DRAMANI",1,2023-07-24,"5f9f24742eb9441fa9cdbdbbeb4abc6b"
"b4a8add0a99f4058b39ab79ce6d2592e",XJA00017002,"ff8081816de2d3e6016eb66ea17e0028","KASIM ABDULAI",1,2023-07-23,"553e4b8b85d34b5b8c231724054f512c"
"b4b14f3f61b94e11b04e51bf7c394673",XFA00093501,"6610fa5839174b93a314a080c83bff7c","LYDIA ADDAI",1,2023-07-21,"39995fc01b304a5a8e151727806b3a67"
"b55aa81e76c64568a317c4090a9f122f",XGA00016901,"10c305b629c24a54b110d92fce9fef70","GLADYS BAFFOE",1,2023-07-22,"539696641c394a60afbe8ca7effe7111"
"b636c5b2500a44ed8e8ed2072d260294",XFA00091001,"ff8081817bb9fff3017bba7ebbfe000a","KUMAH AFIA",1,2023-07-28,"cd152bf0a19546a9ac0c328a475d846c"
"b6c384cbe04548a28b671242e31542a2",XCD00023602,"ff808181776405b1017771cd9e580007","DANIEL KUDE",1,2023-07-26,"56e5c47b52f946a9af208ef47c1963f7"
"b6cbcf65403e48e1af7f0a8e562f5efd",XKB00067603,"20f321c71f5c46a8a8f21347c223caa4","ABIBA MUMUNI",1,2023-07-22,"95a06be42c08429898745863fec24f99"
"b7051426cbe94dfaa198fc5e7235b551",SUC00013401,"ff8081816de2d3e6016eb6925a8d003b","AMINU IDDRISU",1,2023-07-28,"63cf8098e3ff4d569fa721d093453097"
"b823a8ea55114c2ea5735cc4ae077aa9",OPA00091501,"0cd37c782a464f49a3ab71579ba967a1","DANIEL OWUSU",1,2023-07-22,"6b95cf67c183494d92559aff14a7e8c8"
"b82bdb59a5714bc0a82f88af88e2d388",XAL00058101,"ff8081816de2d3e6016eb3039bf3000c","ABDUL-FATAW UMAR",1,2023-07-27,"8e3337aa9c0e45d1bc60d09286d20c8e"
"b83b0c3c8c7b47e59171dced5369ba9a",XAD00142602,"ff8081816de2d3e6016eb2eca9610004","FRANCIS SEKYERE",1,2023-07-26,"318ae37ec4da410eb2da849759960388"
"b8b9cbdbddd748bd96918cabe7786e82",XGA00009701,"dfcb66b9d0654634987960b288a8b57a","YAW DONYINA",1,2023-07-23,"56ec4d30f076408988a2b49916e96cde"
"b90cef8d758e4bca8cef1518a6584d4f",XAB00003001,"0a779a5899394aa6be727575bb32142c","DIANA SAFOAH",1,2023-07-23,"8e79f860cb834617bb8df4b37ab01993"
"b99cd7773538408a890531bbf65940e1",XKA00081301,"b13c08b5b20b4f77aa40a6455250b87b","MARTHA OSEI",1,2023-07-25,"5dccb4d44b3e4f2ebe24bb553446da67"
"ba13e0ee8b484dc49846618d75b684bb",XFA00009003,"cd210b02ac0840af8b992144cb264d9b","PORTIA MILLER",1,2023-07-22,"ecdf4426b3a7469c872eefe40004a3d3"
"bb4b374baff34f4db447435ac4b7625f",XDA00000602,"ff8081816ed1b7d6016ef991f10f0000","PHILOMENA DAMOAH",1,2023-10-25,"64245f6fa2be4d309f9e76b55dbb227d"
"bb5e1768b31e4748a3dad5cf61a5f7cf",BEA00002901,"ff808181776405b1017771cbc4020006","YEKONI BAYINEYEL",1,2023-07-26,"695e42eefbee487e8e526f97e3ceec85"
"bb64c337d08c43078a23df0a516f5cd8",XAJ00037401,"0e887a73cd4545aea3c6a0b6eed3edc5","DAVID ANNOR WALKER",1,2023-07-26,"a506201a76b542e098bb461db5f0ad14"
"bb6fbe83acd34e41a469cd15da0b7a60",OPC00017003,"8b4836ae9797493cbd1e4652c1fa976d","KWADWO BAFFOE",1,2023-07-22,"0ff96b853ba2448ab16413981e961c68"
"bc41ce1de4304ed99e05ff8bd13bd03f",BEA00002301,"ff808181776405b1017771cbc4020006","AFIA OYOOBO",1,2023-07-26,"ccc6fb23eb014660803a48c0dc33913e"
"bc7db7f524fc4692a742d2a5486783bd",XFA00005001,"ff8081817bb9fff3017bba7ebbfe000a","DIANA SAAH",1,2023-07-26,"a2a1e4a682884334bc60588c56340e0b"
"bca02097a614490f86845594f9c016ba",XHC00001103,"eb00d24084df4b4fa851a0432910d7d3","AFIA SALA",1,2023-07-26,"273985812cdf420a90d093b5ce22f2ec"
"bd37e5176edd4f70a208b122e5bf1139",XFD00036202,"87b9b1349cb7466792c5382c56c60aeb","MARY DAMII",1,2023-07-26,"6bc6eba791e04bfbbcf363e0d9eb0ad3"
"be0770a30dad4467ab46fe9533faf998",OPA00077101,"2a8c2a40180e4dd6b5a2f7fa7c777513","AGUSTINA BENCHOGE",1,2023-07-26,"ad60ebd886b344348625c98101555fe6"
"be25cac80b3e4ad38fa290e4aa80d485",NRB00011001,"20f321c71f5c46a8a8f21347c223caa4","AKUA KUMAH",1,2023-07-23,"6e96534280e6441cad9ba36627193237"
"bf106279294f4578a915dc8d2f0af300",XGA00017801,"10c305b629c24a54b110d92fce9fef70","JOYCE AGYEI",1,2023-07-23,"8a4cd05220c040008d018f833cff8424"
"bf25c1ebda16479baa34b68ebf25eb5a",XAX00136703,"ff8081817a097f60017a1fc61b860000","AFIA AMOBIA",1,2023-07-27,"f526888b314f43b6bec502ef4a7eabcc"
"bf2edcb1cd2b412f991b68c752bb73d9",TCA00000101,"ff8081817bb9fff3017bba8156d6000f","MPOUR NLAMBA",1,2023-07-23,"ebd6f6a850b643a284f07fe151437daa"
"bf65af0bcc574c0fb9ae3bedd1145d6f",XCJ00030201,"ff808181729dd3f10172a7d1f0c70001","AYISHATU BAWA",1,2023-07-27,"415e1d0b58964c5282a0520aa6fe5be9"
"c1290a00ce634c41adb8b3738896a14e",XAA00170601,"c58987d6f9fe430889e8f0664001da35","JOSEPH DANKWAH",1,2023-07-22,"a9ffdf409f294356a53346b016ff0071"
"c199b3fd5af8468daeab07b106993889",OPD00155501,"1aba86920a9346f4b4b9aabf1a15a1ad","ÀKWASI BADU",1,2023-07-27,"45b81bca1df944348db0b535cc6d2a44"
"c1ac1dd4154e4a1eb1b0831237d9bab2",XAA00006301,"0a779a5899394aa6be727575bb32142c","MUKANJO ESTHER",1,2023-07-22,"360e67ad923a4a419081e9605ad6c414"
"c21e72cd8a8c4b17aec10cb855e12380",XKA00183001,"b13c08b5b20b4f77aa40a6455250b87b","HAWA ALHASSAN",1,2023-07-25,"6469f64b8bce4b7892529a3f5a18bc6a"
"c29bcadfa60445559830d49a57ccf68b",XAA00011001,"0a779a5899394aa6be727575bb32142c","HARUNA MEMUNA",1,2023-07-22,"5a69ce80e3af4039bf207c2a053864d1"
"c29d31b683d7432486f7eb73fb0d1b1b",XFC00021401,"ff8081817a99e133017ac8a81f6a0000","WILLIAMS SAMBIAN",1,2023-07-24,"2797e48ef0a9400190807b414c8459af"
"c33f078a398f40f6be10d4fc35097287",XFA00003201,"ff808181776405b1017771cd9e580007","NIMFAYELA KWAME",1,2022-06-13,"579953d127404d5f8c1c388369d367ea"
"c36dcd36ac784a1aa3f4be68bac388c7",XFA00031102,"4ebeb6934e3e4df3998f37333fc7f30d","SAMPSON GAIUS",1,2023-07-27,"7f81cdfae524468c8b3d7c00512fe512"
"c3b84c67f1e94aa1970b91e32b6bac79",XFA00061003,"ff8081816de2d3e6016eb300d286000b","KUUNBATA NYOG-EN",1,2023-07-24,"0445511850e7461a8a4d151ba71cc09f"
"c41254bc87ae48c1a9c13f347d10863e",XCJ00028602,"ff808181729dd3f10172a7d1f0c70001","AMMA ANANE",1,2023-07-27,"4900eec72e2944e4991c85a12b8f90fe"
"c441850b82e94415ade1d4783a1876a5",XDA00000901,"451a12e9cc68473686420c3866ca2070","USSIF YAAGEI",1,2023-07-22,"d3ea3832c6f740acb3eb2e47c9e38971"
"c4b4fe9898544061b933e3a3393ce549",XCD00023601,"ff808181776405b1017771cd9e580007","AKOSAH CHARLES",1,2023-07-26,"343e8239f3bc47d3858109ebb70802c8"
"c57543b9c6634447a2fbf9f3986fd772",XFA00035801,"4ebeb6934e3e4df3998f37333fc7f30d","MARIAMA ZAKARI",1,2023-07-24,"87377fff78c344d884813015b2906aa7"
"c5a65c887232403f9b1905a8e5445677",BEB00006202,"ff808181776405b1017771cbc4020006","DORA ERENEE",1,2023-07-27,"97fa22941dc3472a8b66b51702e7050a"
"c5e4673d1d394ee2bd67fce3ae0a1e15",XHC00000601,"eb00d24084df4b4fa851a0432910d7d3","VIVIAN AMPONSAH",1,2023-07-26,"e688b3bf81844a2d872f0eaf2f86cbb8"
"c605a8b3e21e448a9fc58dd101ad153e",XFA00007001,"ff8081816de2d3e6016eb300d286000b","AFIA ANIMA",1,2023-07-25,"8d452196634f47889a961d8d3e555c3d"
"c62a19635dd647a49444c70435b80ba5",XDA00000903,"451a12e9cc68473686420c3866ca2070","PHILOMENA DAMOAH",1,2023-07-22,"64245f6fa2be4d309f9e76b55dbb227d"
"c692311cc6044fbe8b8a2cbc58e6942f",TCA00002501,"ff8081817bb9fff3017bba8156d6000f","ADWOA DONKOR",1,2023-07-22,"2ffa31b73ee546c7be76023c62d24ff0"
"c6a942fa7f38424f8712cb140115317d",XDA00100001,"ff8081816ed1b7d6016ef991f10f0000","NAA YEBBOAH",0,2023-09-06,"877d681fcfc44a06a09556604e84aa94"
"c6adf7bdb22e4403b0cef70303fba1e9",XAB00003703,"0a779a5899394aa6be727575bb32142c","OWUSU PRISCILLA",1,2023-07-23,"0ae0412e23a945398795d30056ec08fd"
"c7289db15ffc414892fdc998bbb8c149",XAL00117902,"ff8081816de2d3e6016eb3039bf3000c","ABDULLAI SALIFU ABUBAKARI",1,2023-07-26,"a5b6211720a8496295dcd21aa7c0cc95"
"c743c989fcad4aa8b04ac1c709a4a59c",XAA00179001,"c58987d6f9fe430889e8f0664001da35","OSMAN ABDULAI",1,2023-07-22,"3694b1f74ab7493db56b6edbed47c0da"
"c799b5cfa56940c38fd445abbda94d51",XJA00016901,"ff8081816de2d3e6016eb66ea17e0028","MOHAMMED YUSSIF",1,2023-07-23,"4f032955f888481aa84bebe1da438dec"
"c85b70e1ad7e458797d9c96668b2304d",XAJ00091501,"0e887a73cd4545aea3c6a0b6eed3edc5","GEORGE BROPE",1,2023-07-26,"336db56e12f2471aa7fd368e7fb28e63"
"c9c582ad69d144f088e9c4893c391dae",XFA00056101,"ff8081816de2d3e6016eb300d286000b","YAHAYA MOHAMMED",1,2023-07-25,"6a4604dbabfe455dbe34e126bb5c81ee"
"ca4a1c8a4948447d8f68faecb9ff6bc6",XDA00058501,"05cac7d6a52348469c73b0d2dfa165cd","BOAHEN MARY",1,2023-07-22,"e7f3189676a44e5694f48707f26c5bf5"
"cacf93317d3747fa99c8e3fe45311433",XAA00006503,"0a779a5899394aa6be727575bb32142c","IDDRISU AMAMA",1,2023-07-22,"5b4056a136b64ba680f719ade4bdfb91"
"cb051ee265c147cebb050b7f1317c37b",NRB00002301,"20f321c71f5c46a8a8f21347c223caa4","KUMAH KWADWO",1,2023-07-23,"b80af23d9fb84acba367154ccdc16561"
"cbfa539c0dfe4b849ced2be0f5549728",XCC00077504,"ff8081817bb9fff3017bba80ef34000e","DOROTHY TWENEWAA",1,2023-07-27,"81fd50e9f7674d0bb667ca7d23326662"
"cc9016fb900643c7a2cb51fbccd3e83f",XDA00005601,"ff8081816ed1b7d6016ef991f10f0000","JOHN ARTHUR",1,2024-08-27,"c938efbfdc124c3d8d473c890d479bd9"
"cc91dac7d28f42b5b3817909eb6f2d9d",SUC00076301,"ff8081816de2d3e6016eb6925a8d003b","ISSAHAKU WUMBEI",1,2023-07-27,"7e7ec323969945e88ffbcbf62b31f8bc"
"ccabc0406dd3465188464a75d039b2c8",TCA00002001,"ff8081817bb9fff3017bba8156d6000f","HAMADU MAHAMMUD",1,2023-07-22,"7fe66e859e814bd8910f84bef8ff3026"
"cd67239da099402eacb1143db0938b8a",XAX00136704,"ff8081817a097f60017a1fc61b860000","JUSTICE SARKODIE",1,2023-07-27,"a375039aa87c4ff399e6db28ea7d0998"
"cd966b09fb8b443e820b94681ac39247",XCA00007301,"e4bce1e59c064bc18ab44a07f86048b5","SAMARI GYATO",1,2023-07-26,"bd4317bf5b8d438e8476ce34786721fd"
"ce3c1d4c829b45c58c4a080d8d128513",XCA00093705,"e4bce1e59c064bc18ab44a07f86048b5","FRANCIS KWAKU APPIAH",1,2023-07-26,"d3fc8871695b4f0ca8659d1c36427a1f"
"ce70ac2953f44ec99c61b1366e98b695",XFA00024901,"4ebeb6934e3e4df3998f37333fc7f30d","FAUSTINA DERRY",1,2023-07-26,"3bef30cd71d340d8ba46d98719cee9f9"
"ceb49c51fcf84fd6abb90b4ae148c7c2",NRB00006202,"20f321c71f5c46a8a8f21347c223caa4","SIMON NENSOM",1,2023-07-23,"1f6fb271c68b40b9b8558d7b4301204c"
"ceded142efdb47b586e327bff1dc6333",XFA00008601,"ff808181776405b1017771c0ff1c0002","DENNIS NWINGYINE",1,2023-07-24,"45cb71f474fc4847949678674e33c329"
"cf105433fb364fa2851d11dcf3941ab8",TCA00001201,"ff8081817bb9fff3017bba8156d6000f","IDDRISU MUMUNI",1,2023-07-22,"abccb9b478b54e1cb8eb8687de34f725"
"d0959507c5054d97bfa7422aa1ff3ad5",XAJ00036501,"0e887a73cd4545aea3c6a0b6eed3edc5","AKOSUA AWUAU",1,2023-07-27,"94377ca4995240ea8f61fedb2f49dfaf"
"d09c681edb274e9b901c22d5d2bcd72d",XKD00033301,"b13c08b5b20b4f77aa40a6455250b87b","DAPAAH KOFI DANIEL",1,2023-07-24,"14f9e190b4d84c0fbf2e3347683c7be7"
"d165ca91984a4df89ce35ff5d4cea29f",XFE00015402,"ff808181776405b1017771c39e840003","YAW NSOR",1,2023-07-25,"a39ebaa07aae46dda4cbc260768a68dd"
"d16e5394ebc04728b8c6717382ceaf49",XFA00014001,"ff808181776405b1017771cd9e580007","BALIERE YVONNE",1,2022-06-13,"6cc36d5c773f4ea19987d8616aaf5359"
"d1ac09cfa23b46d29bc6bed2372568c1",XJA00026001,"ff8081816de2d3e6016eb66ea17e0028","MARIAMA SULEMANA",1,2023-07-22,"0638a5d20881431c8895730a6e945852"
"d1d1902f063c456c972d3c561870b940",NZC00018101,"ff80818169ff536c016a2099873632dd","SHAIBU OSMAN",1,2023-07-24,"11b91e8c5e624e4a91e3b96f4ad617d9"
"d1d5193a20cc4536babe3182f310ed71",XCA00076501,"d409828b026e42709d78320d7861457a","THADOUS DZAH",1,2023-07-22,"4653057b608b4c0d82c10c7c5a0d7550"
"d293c8ec15fd46cc9e9ca20736fbfa21",XFA00028802,"87b9b1349cb7466792c5382c56c60aeb","GIFTY BAIDOO",1,2023-07-26,"9903ef2ed26c4a97b3159c810eae8c3b"
"d2e85fb6b51b49ce8a8d118643b9c114",NZA00004001,"ff80818169ff536c016a2099873632dd","ISSAH ABDULAI",1,2023-07-24,"945eb4bfe64b4aa593721ad51f51638f"
"d344ef59f9ec40d2aefe0a3689f38c69",XCA00083601,"e4bce1e59c064bc18ab44a07f86048b5","HAMSA DIKO",1,2023-07-27,"cd14c7fe2f5e4b49893cb4246cf7b8c5"
"d39bb0531eb040aeb5c2272bc7192c5d",XGA00009306,"dfcb66b9d0654634987960b288a8b57a","JAMES OSEI",1,2023-07-22,"dbf558de445a4cb885a9a8ee1f4d33c5"
"d39bcb27bc8d42a481670d2a5bb5e4a8",XJA00003301,"ff8081818119d07601812333b2320000","THOMAS ADDO",1,2023-07-24,"e8ac5039a7a1447eae911cfce5a75c26"
"d3ebd61593af48118eb10f14a47155cc",XCC00072701,"ff8081817bb9fff3017bba80ef34000e","EMMANUEL BLABI",1,2023-07-27,"e008f1073f614e08a8fb2a6ebf99435e"
"d42cf79b77b84d5593bf075943d89bd1",XFA00028803,"87b9b1349cb7466792c5382c56c60aeb","CALEB ABAN",1,2023-07-26,"befacc4272fa45e6a70e85c1dd9153b0"
"d4a45448cf4d4acf86934a5d64bce7f6",XAJ00036403,"0e887a73cd4545aea3c6a0b6eed3edc5","MARTIN KWAKU BINGABIN",1,2023-07-27,"8d8a9041add14139aadf454c854d30ba"
"d4a85eebecc741fbba4cf2ee96440f34",XJE00027101,"ff8081816de2d3e6016eb656af760022","ABEIKU KWRKU",1,2023-07-24,"66108d0d1bc0473394d163c8c72bb10d"
"d4ab73ad18904115afd46519ffd32e0a",XHC00000602,"eb00d24084df4b4fa851a0432910d7d3","LYDIA ATONTONO",1,2023-07-26,"5f4cd12ece264a54ad1c4abc02613701"
"d4d0337498134f91911b302dddc94153",XDA00071101,"ff8081816de2d3e6016eb64f988c001f","KWADWO OPOKU",1,2023-07-22,"1d58cd29fe0b4a76b1d2e141bd85da70"
"d4efbed593aa4ca1b8f13afd316a75f3",XAB00068003,"0a779a5899394aa6be727575bb32142c","NUHU ADIZATHA",1,2023-07-23,"c33e6b9d8d9247a88c11723c684c20d9"
"d504624e1c9b4fdaa8587779116fc463",XJA00015901,"ff8081816de2d3e6016eb66ea17e0028","ZAKARI ALI",1,2023-07-23,"f0d3dbb812374b0391ba821eea6e378c"
"d617df97172844b4bed0d0e8e85e7ead",XFB00000601,"ff80818185862d780185862e0e790000","HELINA DERY",1,2023-07-26,"e5def5ea460341428ac9da864c1bf3f0"
"d663a25b758b44848bf2f1f9df647ced",XEA00100603,"05cac7d6a52348469c73b0d2dfa165cd","AKWASI IMURANA",1,2023-07-24,"c4ac5e4444b844c88924fead3790a162"
"d6a23c7689134c98b688b047d7e20e59",XAD00142603,"ff8081816de2d3e6016eb2eca9610004","AGYEIWAA FRANKLINA",1,2023-07-26,"e971a3e129074574b08234e0f5d00d18"
"d724a65eef61429e8ae1fa9667e0b308",XCC00072601,"ff8081817bb9fff3017bba80ef34000e","JOSEPH OBARI",1,2023-07-27,"5a49351bb21343b29375f176d65dd67f"
"d731c5764ec249a4a4f8f6e7f10335fa",SUC00076701,"ff8081816de2d3e6016eb6925a8d003b","SEIDU JANDE",1,2023-07-26,"52c22b7cd3a5445d9800289c92db2ea1"
"d7df6d63e02a4c02ac76349b0487d99d",BBI00201401,"ff8081817bb9fff3017bba8156d6000f","RUBBIN LAMBON",1,2023-07-23,"ccdaf31d9d194df397a47a67d725bcf4"
"d85997bf14894c7f978149018c246092",XJD00108801,"ff80818169ff536c016a2099873632dd","ALI GONJA",1,2023-07-25,"2959010f512745d2a86739ac048fc7a0"
"d8b7a0d72c474011a23aa7d848bcbf07",XDA00004401,"451a12e9cc68473686420c3866ca2070","GRACE ACHAEMPONG",1,2023-07-23,"f21841ed73df440cb76bb04f5caa4449"
"d92f552ed7f14053bd47d4629245adc6",XFC00064701,"ff808181776405b1017771c0ff1c0002","IBRAHIM DRAMANI",1,2023-07-24,"111f94ede6404896bbd1e74da5576dc3"
"d95fac6da1cd45d3bb0410e8c76f63c7",XFA00061004,"ff8081816de2d3e6016eb300d286000b","FRANCIS BAGYIENE",1,2023-07-24,"a8adc976626c421c8a21347c4f466176"
"d96178e79d814257aa106cb40688214b",XAJ00072501,"0e887a73cd4545aea3c6a0b6eed3edc5","JOHN BINGABIN",1,2023-07-27,"cbc71a3a86274e5eb4c60539326fc6cd"
"d9e531b6bed944a2a7377bd1de84a8c8",XCA00063101,"87b9b1349cb7466792c5382c56c60aeb","AFIA KYANVIA",1,2023-07-27,"4ce76287865b4a49af42d347f054a3f6"
"da74ef4a35fc4c4da42acc93244e06f0",APA00065201,"ff8081816ed1b7d6016ef991f10f0000","ANITA GYAMFI",1,2023-09-07,"a1c6f683afcc438a8b6e39dfca4a00ae"
"db714bf7426940099d861478ee3bb976",XCC00077501,"ff8081817bb9fff3017bba80ef34000e","OTTIS SABOGU",1,2023-07-26,"30a0993bb8744583945e5a19172b7e6d"
"db8a38a6a3a24b09baa0380c0cb4c944",BBI00001501,"ff8081817bb9fff3017bba8156d6000f","DINDONG TAMA",1,2023-07-24,"747088267eed410ea06909075925a0be"
"dbe09f35f67047daa6a690fb62b2a246",APD00065902,"ff8081816ed1b7d6016ef991f10f0000","JOHN MENSAH",1,2023-09-08,"f6952bf5593f402686b24de80bb36a99"
"dbe6eaa051f74ec0a475b213cec01c31",XFA00009501,"0b6f4141b0a64d42a0065c6b362c2603","AZAMAH NAMIR",1,2023-07-23,"8c074c91799e4364bca1718485959501"
"dbfd551654c74b0da8474d6502e15e59",NRB00002101,"20f321c71f5c46a8a8f21347c223caa4","ERNEST ADJEI SOFARADOHAN",1,2023-07-23,"5ee5751cdbe74876b62a30c803dbc6cd"
"de49dd6d313342dcbb01f1ce344953fc",XCJ00090601,"ff808181729dd3f10172a7d1f0c70001","JOHN AKANWARESEGE",1,2023-07-27,"937973bcc03d44a8b562b664fae44e68"
"de9819f670444e47a0e9c6ccb699619d",XFA00068001,"ff8081816de2d3e6016eb300d286000b","JEROME BAYOU",1,2023-07-24,"6fffd081c668495ca6f549c3be92b5e8"
"dea9a0ab5b5042879b13978f2edefe36",XDA00001401,"ff8081816ed1b7d6016ef991f10f0000","BENTIL ADAMS",1,2023-09-08,"b47af52c990f486eafc9ec9715a93ecf"
"def5c60a526249d497fa1cff2f3674cd",NTA00013301,"ff8081816de2d3e6016eb699922a0040","CLEMENT KOFI ADDO",1,2023-07-27,"434ce4a5b4c6483f90a84dcf50e4ba55"
"dfda0299eafd4e479d5c9b0e52becdf3",XKA00086201,"df23dbb9eb3e442ea511e2798ef80500","AKUA BURUWAA",1,2023-07-24,"4dee01595de840c1b1d8b41fe402acd9"
"e004de972be44cad93490d4e2002dbdb",XAB00003701,"0a779a5899394aa6be727575bb32142c","KWADWO OWUSU",1,2023-07-23,"64c451d69cc543b1937c37e8a3784b86"
"e02c93433794404998fc7f48bba19aea",XHC00000605,"eb00d24084df4b4fa851a0432910d7d3","AFIA NYAMEKYE",1,2023-07-26,"f07c3e1f372f43fa8530b4220f794d63"
"e0881a04a562476eb9259016f93045f1",XKA00086002,"b13c08b5b20b4f77aa40a6455250b87b","JUNIOR KABUTA",1,2023-07-25,"eec3cb3e11a048a3bcd4eb7b4b2839a1"
"e0bc63a6c07a40ac9c59d4b3bc6847a6",XAB00172202,"ff8081817bb9fff3017bba7e62640009","PRISCILLA POKUA",1,2023-07-27,"20fac5369f8b432cac0b13ea967a6501"
"e193740e5f664a1a95ee1f3a24070ae7",XKB00067801,"20f321c71f5c46a8a8f21347c223caa4","CHRISTIANA NUM AKUA",1,2023-07-22,"7d74888b5d4349e4a194c487f8005ea8"
"e2ee3ee7a3084531856643fb1f0fe2a0",XCC00072702,"ff8081817bb9fff3017bba80ef34000e","BENJAMIN AYINSONGBA ANAAFO",1,2023-07-27,"ef4543fb39204e3f98054b1f5e8ba9fe"
"e2ee960d2982453c8bcec2060827aa3a",OPA00057701,"0cd37c782a464f49a3ab71579ba967a1","MICHAEL ABAGNA",1,2023-07-22,"7dc20e1835dd48d4bee8dc27d842a9c4"
"e3888629784f4900b2b8eb004cb62e47",XDB00011101,"ff808181547ae7c701547b78c1150012","KWEKU KYEI",2,2024-01-24,"4520d920ee8d475a97542f3d8d40840a"
"e40af6663d9b4ffa98fef4b445e4c661",XFB00000602,"ff80818185862d780185862e0e790000","ARNORD ILLEDI",1,2023-07-26,"50d4216f3f504518ac83569fa9bd8860"
"e4f2f4e9da8542159971bf5268108d69",XFC00012302,"ff8081817a99e133017ac8a81f6a0000","AFIA GRUSHIE",1,2023-07-24,"715af69bef494378a28c7db4e23d9b12"
"e56f6b51dd3b41739bf3fbe039ae980b",XAJ00036401,"0e887a73cd4545aea3c6a0b6eed3edc5","GRACE ABENA MOAKADO",1,2023-07-27,"4ec51ff7a264408cb0573f8f31c3bba6"
"e6158e7cf9af460fa7b2409bbffd08f2",XFA00004901,"ff8081817bb9fff3017bba7ebbfe000a","TO H.J TANO KWAME",1,2023-07-26,"a954b87bb5f0459aa23c2b1492ad85c6"
"e651b8c9a1f54e1fa8e93d18f504881d",XHC00000606,"eb00d24084df4b4fa851a0432910d7d3","ATTA JUNIOR SARPONG",1,2023-07-26,"10e80383adb944948c02b8f85bb53bc8"
"e6b925bf13754053be1c9b2f3849aca1",OPA00032301,"2a8c2a40180e4dd6b5a2f7fa7c777513","JUSTICE COBBINAH",1,2023-07-25,"6779d660909249509b054653ad7ae59b"
"e7d2d673668243589d1ad8cb15a5d144",XDA00006501,"0270ece3c09c457e95ecdd9cfe47458d","BENTIL ADAMS",1,2023-07-24,"b47af52c990f486eafc9ec9715a93ecf"
"e81470806805430cb4bbf65c12a5ebe5",XAB00187401,"ff808181729dd3f10172a7d050e30000","YAW MANU",1,2023-07-26,"9d6d08caf2ba40fba3ff542250e790ba"
"e84cee25032042988719ae15ac4fd70d",XDA00001301,"ff8081816ed1b7d6016ef991f10f0000","JENNIFER DUAKO",1,2023-09-08,"79beaa475f8449c0849cb4ce7ad19dd6"
"e86327df40ad4bc3b40243c11e974606",XCA00023701,"ff8081817a99e133017ac8a81f6a0000","KOMBUM JAMES",1,2023-07-24,"2391810ade744cc082ade8657e04c2f4"
"e90982dfabb74564a945a034fab37ac6",TCA00000401,"ff8081817bb9fff3017bba8156d6000f","JOHN M-MEBI",1,2023-07-23,"db15c4b9f422405e9185edca5498d343"
"e959209b3015464388e9a01d37486701",XDA00002601,"ff8081816de2d3e6016eb64f988c001f","JOSEPH AMOH",1,2023-07-22,"99a0e50669524090b1c0e7e67e1dd5c4"
"e9c5babf856a4a25ba6cf054ac6643de",XKA00157201,"b13c08b5b20b4f77aa40a6455250b87b","MFNSAH CYNTHIA",1,2023-07-24,"03de1eb9e487402ab04b880efe61cc44"
"ea5ad6c1753d40f4918eebc2d2da0ba0",NRB00006201,"20f321c71f5c46a8a8f21347c223caa4","KOJO BOUR",1,2023-07-23,"c9e1949d7a4846cbb9fba0e1ff03f9d0"
"eafe261cb06645f2b26d579e7824639b",BEA00002401,"ff808181776405b1017771cbc4020006","AFIA KUUCHILE",1,2023-07-26,"1320abc4ba3e4c61bf43af384576f8d3"
"ec0e7aa7bc284854ba929a65c7616932",XAJ00173001,"0e887a73cd4545aea3c6a0b6eed3edc5","ALICE AGYEI",1,2023-07-27,"b09f0448023f42b5b26bdfd1f8794a57"
"ec6f7b8ba774423d867ed4cfde43f278",XFA00005201,"6610fa5839174b93a314a080c83bff7c","MARGARET MENSAH",1,2023-07-22,"d786d769fbce4196a5a4d8e7bcda1c8c"
"ec933cf319264653a953241aea6ea183",XCJ00079201,"ff8081817bb9fff3017bba7c9ee60005","SEIDU AMADU",1,2023-07-25,"b9991c0df5844bf1991eb09a012298ac"
"ed3f4a81e7354f6a8809d82616e2fbb0",XAJ00036901,"0e887a73cd4545aea3c6a0b6eed3edc5","FRANCIS TAKYEREKUM",1,2023-07-27,"6f18bc7db7bd4c91902b03fc07698f17"
"ee3a595342f9408ca644673a05f2a814",OPC00022502,"8b4836ae9797493cbd1e4652c1fa976d","BABA ABDULAI",1,2023-07-22,"c0c761e733ce403298b0379cdc1f9a16"
"ee992462187949019807d281a18c0dd9",XGA00018102,"10c305b629c24a54b110d92fce9fef70","AKUA TWENEWAA",1,2023-07-22,"2eedca471f6c4f7c9619dfcb740b2b66"
"ee9ed095cd7447aa8834105c2a00b49d",XCJ00085501,"ff808181729dd3f10172a7d1f0c70001","MORO SALIFU",1,2023-07-26,"a6185d0f37ca426eb01206212ebce9e6"
"eeb923e592184ae2a88dd560feb99982",OPA00077102,"2a8c2a40180e4dd6b5a2f7fa7c777513","FOSTER ADJEI",1,2023-07-26,"df4c3ac21ccb43dabb9462656383d0d4"
"ef5bfa802a864a038b0d4a2826c4d90e",NRB00001901,"20f321c71f5c46a8a8f21347c223caa4","KRA YAA",1,2023-07-23,"42a68d23e9d1440bbe13fce065182f0f"
"ef7277d107514e2fb4c7cd5147a0130b",XDA00000902,"451a12e9cc68473686420c3866ca2070","TATU ISSAH",1,2023-07-22,"0b394ccae85643bca7c2037211818a13"
"f193c3f287af4905a67ab4855a67f131",XDA00006401,"0270ece3c09c457e95ecdd9cfe47458d","AFIA SERWAA",1,2023-07-24,"3cdc697c2c5e466aa572ee665ad794f8"
"f27cb1d0fbf648a0b28066e34aa6d33d",XGA00009305,"dfcb66b9d0654634987960b288a8b57a","EMMAUNEL K FOSU",1,2023-07-22,"374240e2280f4ad1a6139484c7d0d51a"
"f34bf8954bfd476ca8785a4d85461d85",XJA00023001,"ff8081816de2d3e6016eb66ea17e0028","OSMAN ABDUL-KARIM",1,2023-07-23,"bdf272cd00904b6389eeed52924cba2a"
"f45d900887f143838012d4417a2543f6",XHC00001105,"eb00d24084df4b4fa851a0432910d7d3","KWAME KUMAH",1,2023-07-27,"ab1bdd9274f74db1b19d67ced3c4a114"
"f484cdbb8e804180a9f42057f3ad5ddc",XKA00124801,"ff8081816de2d3e6016eb6776f28002d","EMMANUEL KWABENA GYEMEE",1,2023-07-25,"b37db174203547d48955f60094db2690"
"f4ca4a926dd1496b9471f482c01bc35d",XFA00031501,"4ebeb6934e3e4df3998f37333fc7f30d","FELICIA BOAHEMAH",1,2023-07-27,"f648923adba34778984c70d3e5e925b7"
"f7185a886bb141dcb0e24415ea3c9c47",XFA00010402,"ff808181776405b1017771c0ff1c0002","KWABENA AGODU",1,2023-07-25,"05997f04c2234167881049d7224dcfa5"
"f764939d881e45ed97d886c7bb58f08c",XDA00006101,"0270ece3c09c457e95ecdd9cfe47458d","RITA OPPONG",1,2023-07-25,"9783468c64f54ad4b0f4123f44d63ff6"
"f7b9f7c3f7fa4c83ba4ab140fcdfa500",XKA00133902,"b13c08b5b20b4f77aa40a6455250b87b","AJARA WAHAB",1,2023-07-25,"f81eb45c14d14f4ea9d924946b6ba786"
"f90d9df163374936afd804dbae2fd86b",SUC00020901,"ff8081816de2d3e6016eb6925a8d003b","AKWASI ADDAI",1,2023-07-26,"2411b1917e3943c79dd05c3416fbd63e"
"f934e3ccc6674094896b75a04d8b8b89",XCA00074102,"d409828b026e42709d78320d7861457a","KENNEDY MENSAH",1,2023-07-23,"09208dd0602c43f3a450d55c033cc16f"
"f941d027f312461ba1476ec7c1fe77c6",XAD00142604,"ff8081816de2d3e6016eb2eca9610004","ELIZABETH AGYEIWAA",1,2023-07-27,"4ed0218ef52e4b5e8276e1343a57c0cd"
"f97fccfeb3574b2e9f755d82326c4858",SUC00013701,"ff8081816de2d3e6016eb6925a8d003b","HAMIDU MARIAMA",1,2023-07-26,"213e1fa550ee44f6935492d6681ffd56"
"f99526e9f1bc4509baa19bc4a4dabdab",BBL00013901,"ff8081816de2d3e6016eb6925a8d003b","SHEITU ADAM",1,2023-07-25,"2a74838ef29242ffa2fd5bad9bd95338"
"fa41a339ec0e493bad18c2bd2877e669",XDA00000906,"ff8081816ed1b7d6016ef991f10f0000","AMA FABEA",1,2024-08-27,"dccadf12834f4b2898949ed3e4c1c2d6"
"fba8c7d408a545609335a2d16a61e4ef",XFB00001801,"ff80818185862d780185862e0e790000","CYNTHIA DOTUO",1,2023-07-27,"0a99f70637814e7e904be40275bb197f"
"fbe6be4b8e5941d1a66abbb21fa21408",XJA00019701,"ff8081816de2d3e6016eb66ea17e0028","ELIASU OSMAN",1,2023-07-23,"ad375f7404df43c3817f1f360985a45f"
"fc017a842b2a49b8aef8f98b0c735761",XDA00002401,"05cac7d6a52348469c73b0d2dfa165cd","MICHAEL ADDI",1,2023-07-22,"ab629b3462d04855b2a94a9f69140d5b"
"fc09a9d1cbeb4fd99910f4dc30531fab",XBK00028201,"ff8081816de2d3e6016eb313e1d20011","ROSE AFRAH",1,2023-07-26,"e99f5f3ca65e4f308a3921c65d9a63ce"
"fcd3109b899a4328b00397f5775a0790",XLA00004801,"c40bfedc3555431e838fbf8a5008284e","ISAAKA AZIZ",1,2023-07-25,"01ba9f9712e24fcabcadd50a43e590f4"
"fce365f7bfef4b5aac807e8aaf649661",XCA00006103,"ff8081816ed1b7d6016ef991f10f0000","ATAA ADWOA",1,2023-09-08,"dc07fdeacc1d4bb4bafff1733900dc35"
"ff85f39f740140e49fbf9dcd7bea8842",XHC00000604,"eb00d24084df4b4fa851a0432910d7d3","SANDRA OWUSUAA",1,2023-07-26,"c0735edad29643c1ae5e3c2c169d8cb0"
"ff92ad00c0194c5bb956dcc5b15c6385",XAB00003402,"0a779a5899394aa6be727575bb32142c","DONKOR MARKY",1,2023-07-23,"6afe9f48a4434083be2ae177baee8961"
"ffe79f4bbe18419a9aeda69a81fb2585",NTA00008201,"ff8081816de2d3e6016eb699922a0040","MORO ABUKARI",1,2023-07-27,"38b4521c835d44bc8dab29a471fbb3b8"
"fffde6cb7a374197a401d0ac149e8846",XFB00027701,"87b9b1349cb7466792c5382c56c60aeb","MARY AZEKO",1,2023-07-25,"028043f9fb1c4f169f8150f276f0c055"
